morpheme,type,mode,specificity,perSubject,numbSubject,perObject,numbObject,V-form,V-action1,V-action2,t-form,t-action1,t-action2,k-form,k-action1,k-action2,q-form,q-action1,q-action2,condPrecSpecific,sources
junga,tv,ger,nsp,1,s,,,junga,n,,tunga,n,,tunga,n,,tunga,n,,,?
jutit,tv,ger,nsp,2,s,,,jutit,n,,tutit,n,,tutit,n,,tutit,n,,,?
juq,tv,ger,nsp,3,s,,,juq,n,,tuq,n,,tuq,n,,tuq,n,,,?
juguk,tv,ger,nsp,1,d,,,juguk,n,,tuguk,n,,tuguk,n,,tuguk,n,,,?
jusik,tv,ger,nsp,2,d,,,jusik jutik,n n,,tusik tutik,n n,,tusik tutik,n n,,tusik tutik,n n,,,?
juuk,tv,ger,nsp,3,d,,,juuk juk,n n,,tuuk tuk,n n,,tuuk tuk,n n,,tuuk tuk,n n,,,?
jugut,tv,ger,nsp,1,p,,,jugut,n,,tugut,n,,tugut,n,,tugut,n,,,?
jusi,tv,ger,nsp,2,p,,,jusi,n,,tusi,n,,tusi,n,,tusi,n,,,?
jut,tv,ger,nsp,3,p,,,jut,n,,tut,n,,tut,n,,tut,n,,,?
vunga,tv,dec,nsp,1,s,,,vunga,n,,punga,a,,punga,n,,punga qunga,n son,,,?
vutit,tv,dec,nsp,2,s,,,vutit,n,,putit,a,,putit,n,,putit qutit,n son,,,?
vuq,tv,dec,nsp,3,s,,,vuq,n,,puq,a,,puq,n,,puq quq,n son,,,?
vuguk,tv,dec,nsp,1,d,,,vuguk,n,,puguk,a,,puguk,n,,puguk quguk,n son,,,?
vusik,tv,dec,nsp,2,d,,,vusik vutik,n n,,pusik putik,a a,,pusik putik,n n,,pusik qusik putik qutik,n son n son,,,?
vuuk,tv,dec,nsp,3,d,,,vuuk vuk,n n,,puuk puk,a a,,puuk puk,n n,,puuk quuk puk quk,n son n son,,,?
vugut,tv,dec,nsp,1,p,,,vugut,n,,pugut,a,,pugut,n,,pugut qugut,n son,,,?
vusi,tv,dec,nsp,2,p,,,vusi,n,,pusi,a,,pusi,n,,pusi qusi,n son,,,?
vut,tv,dec,nsp,3,p,,,vut,n,,put,a,,put,n,,put qut,n son,,,?
langa,tv,dec,nsp,1,s,,,langa,n,,langa,s,,langa,s,,langa,s,,id:nngit/1vv,?
latit,tv,dec,nsp,2,s,,,latit,n,,latit,s,,latit,s,,latit,s,,id:nngit/1vv,?
laq,tv,dec,nsp,3,s,,,laq,n,,laq,s,,laq,s,,laq,s,,id:nngit/1vv,?
laguk,tv,dec,nsp,1,d,,,laguk,n,,laguk,s,,laguk,s,,laguk,s,,id:nngit/1vv,?
lasik,tv,dec,nsp,2,d,,,lasik latik,n n,,lasik latik,s s,,lasik latik,s s,,lasik latik,s s,,id:nngit/1vv,?
lak,tv,dec,nsp,3,d,,,lak,n,,lak,s,,lak,s,,lak,s,,id:nngit/1vv,?
lagut,tv,dec,nsp,1,p,,,lagut,n,,lagut,s,,lagut,s,,lagut,s,,id:nngit/1vv,?
lasi,tv,dec,nsp,2,p,,,lasi,n,,lasi,s,,lasi,s,,lasi,s,,id:nngit/1vv,?
lat,tv,dec,nsp,3,p,,,lat,n,,lat,s,,lat,s,,lat,s,,id:nngit/1vv,?
vunga,tv,int,nsp,1,s,,,vunga,n,,punga,a,,punga,n,,punga qunga,n son,,,?
vit,tv,int,nsp,2,s,,,vit,n,,pit,a,,pit,n,,pit qit,n son,,,?
va,tv,int,nsp,3,s,,,va,n,,pa,a,,pa,n,,pa qa,n son,,,?
vinuk,tv,int,nsp,1,d,,,vinuk,n,,pinuk,a,,pinuk,n,,pinuk qinuk,n son,,,?
visik,tv,int,nsp,2,d,,,visik vitik,n n,,pisik pitik,a a,,pisik pitik,n n,,pisik qisik pitik qitik,n son n son,,,?
vak,tv,int,nsp,3,d,,,vak,n,,pak,a,,pak,n,,pak qak,n son,,,?
vita,tv,int,nsp,1,p,,,vita,n,,pita,a,,pita,n,,pita qita,n son,,,?
visi,tv,int,nsp,2,p,,,visi,n,,pisi,a,,pisi,n,,pisi qisi,n son,,,?
vat,tv,int,nsp,3,p,,,vat,n,,pat,a,,pat,n,,pat qat,n son,,,?
langa,tv,int,nsp,1,s,,,langa,n,,langa,s,,langa,s,,langa,s,,id:nngit/1vv,?
latit,tv,int,nsp,2,s,,,latit,n,,latit,s,,latit,s,,latit,s,,id:nngit/1vv,?
laq,tv,int,nsp,3,s,,,laq,n,,laq,s,,laq,s,,laq,s,,id:nngit/1vv,?
laguk,tv,int,nsp,1,d,,,laguk,n,,laguk,s,,laguk,s,,laguk,s,,id:nngit/1vv,?
lasik,tv,int,nsp,2,d,,,lasik latik,n n,,lasik latik,s s,,lasik latik,s s,,lasik latik,s s,,id:nngit/1vv,?
lak,tv,int,nsp,3,d,,,lak,n,,lak,s,,lak,s,,lak,s,,id:nngit/1vv,?
lagut,tv,int,nsp,1,p,,,lagut,n,,lagut,s,,lagut,s,,lagut,s,,id:nngit/1vv,?
lasi,tv,int,nsp,2,p,,,lasi,n,,lasi,s,,lasi,s,,lasi,s,,id:nngit/1vv,?
lat,tv,int,nsp,3,p,,,lat,n,,lat,s,,lat,s,,lat,s,,id:nngit/1vv,?
vinga,tv,int,sp,2,s,1,s,vinga,n,,pinga,a,,pinga,n,,pinga,n,,,?
vaanga,tv,int,sp,3,s,1,s,vaanga,n,,paanga,a,,paanga,n,,paanga,n,,,?
vagit,tv,int,sp,1,s,2,s,vagit,n,,pagit,a,,pagit,n,,pagit,n,,,?
vaatit,tv,int,sp,3,s,2,s,vaatit,n,,paatit,a,,paatit,n,,paatit,n,,,?
vigu,tv,int,sp,1,s,3,s,vigu,n,,pigu,a,,pigu,n,,pigu,n,,,?
viuk,tv,int,sp,2,s,3,s,viuk,n,,piuk,a,,piuk,n,,piuk,n,,,?
vauk,tv,int,sp,3,s,3,s,vauk,n,,pauk,a,,pauk,n,,pauk,n,,,?
langa,tv,int,sp,2,s,1,s,langa,n,,langa,s,,langa,s,,langa,s,,id:nngit/1vv,?
laanga,tv,int,sp,3,s,1,s,laanga,n,,laanga,s,,laanga,s,,laanga,s,,id:nngit/1vv,?
lagit,tv,int,sp,1,s,2,s,lagit,n,,lagit,s,,lagit,s,,lagit,s,,id:nngit/1vv,?
laatit,tv,int,sp,3,s,2,s,laatit,n,,laatit,s,,laatit,s,,laatit,s,,id:nngit/1vv,?
lagu,tv,int,sp,1,s,3,s,lagu,n,,lagu,s,,lagu,s,,lagu,s,,id:nngit/1vv,?
liuk,tv,int,sp,2,s,3,s,liuk,n,,liuk,s,,liuk,s,,liuk,s,,id:nngit/1vv,?
lauk,tv,int,sp,3,s,3,s,lauk,n,,lauk,s,,lauk,s,,lauk,s,,id:nngit/1vv,?
langa,tv,imp,nsp,1,s,,,langa,n,,langa,son,,langa,son,,langa,son,,,?
git,tv,imp,nsp,2,s,,,git,n,,tit git,n s,,git,fus,,rit,fus,,,?
li,tv,imp,nsp,3,s,,,li,n,,li,son,,li,son,,li,son,,,?
luk,tv,imp,nsp,1,d,,,luk,n n,,luk,son,,luk,son,,luk,son,,,?
gissik,tv,imp,nsp,2,d,,,gissik gittik,n n,,tissik gissik tittik gittik,n s n s,,gissik gittik,fus fus,,rissik rittik,fus fus,,,?
lik,tv,imp,nsp,3,d,,,lik,n,,lik,son,,lik,son,,lik,son,,,?
ta,tv,imp,nsp,1,p,,,ta ta ta,n i(p) i(t),,ta,n,,ta,n a,,ta,n,,,?
gipsi,tv,imp,nsp,2,p,,,gipsi,n,,tipsi gipsi,n s,,gipsi,fus,,ripsi,fus,,,?
lit,tv,imp,nsp,3,p,,,lit,n,,lit,son,,lit,son,,lit,son,,,?
vungaa,tv,int,nsp,1,s,,,vungaa,n,,pungaa,a,,pungaa,n,,pungaa qungaa,n son,,,?
viit,tv,int,nsp,2,s,,,viit,n,,piit,a,,piit,n,,piit qiit,n son,,,?
vaa,tv,int,nsp,3,s,,,vaa,n,,paa,a,,paa,n,,paa qaa,n son,,,?
vinuuk,tv,int,nsp,1,d,,,vinuuk,n,,pinuuk,a,,pinuuk,n,,pinuuk qinuuk,n son,,,?
visiik,tv,int,nsp,2,d,,,visiik vitiik,n,,pisiik pitiik,a a,,pisiik pitiik,n,,pisiik qisiik pitiik qitiik,n son n son,,,?
vaak,tv,int,nsp,3,d,,,vaak,n n,,paak,a,,paak,n,,paak qaak,n son,,,?
vitaa,tv,int,nsp,1,p,,,vitaa,n,,pitaa,a,,pitaa,n,,pitaa qitaa,n son,,,?
visii,tv,int,nsp,2,p,,,visii,n,,pisii,a,,pisii,n,,pisii qisii,n son,,,?
vaat,tv,int,nsp,3,p,,,vaat,n,,paat,a,,paat,n,,paat qaat,n son,,,?
varma,tv,dec,sp,2,s,1,s,varma,n,,parma,a,,parma,n,,parma qarma,n son,,,?
vaanga,tv,dec,sp,3,s,1,s,vaanga,n,,paanga,a,,paanga,n,,paanga qaanga,n son,,,?
vagit,tv,dec,sp,1,s,2,s,vagit,n,,pagit,a,,pagit,n,,pagit qagit,n son,,,?
vaatit,tv,dec,sp,3,s,2,s,vaatit,n,,paatit,a,,paatit,n,,paatit qaatit,n son,,,?
vara,tv,dec,sp,1,s,3,s,vara,n,,para,a,,para,n,,para qara,n son,,,?
vait,tv,dec,sp,2,s,3,s,vait,n,,pait,a,,pait,n,,pait qait,n son,,,?
vanga,tv,dec,sp,3,s,3,s,vanga vaa,n n,,panga paa,a a,,panga paa,n,,panga paa qanga qaa,n n son son,,,?
vattiguk,tv,dec,sp,2,s,1,d,vattiguk vattikkuk,n n,,pattiguk pattikkuk,a a,,pattiguk pattikkuk,n n,,pattiguk pattikkuk qattiguk qattikkuk,n n son son,,,?
vaatiguk,tv,dec,sp,3,s,1,d,vaatiguk vaatikkuk,n n,,paatiguk paatikkuk,a a,,paatiguk paatikkuk,n n,,paatiguk paatikkuk qaatiguk qaatikkuk,n n son son,,,?
vassik,tv,dec,sp,1,s,2,d,vassik,n,,passik,a,,passik,n,,passik qassik,n son,,,?
vaasik,tv,dec,sp,3,s,2,d,vaasik vaatik,n n,,paasik paatik,a a,,paasik paatik,n n,,paasik paatik qaasik qaatik,n n son son,,,?
vaakka,tv,dec,sp,1,s,3,d,vaakka,n,,paakka,a,,paakka,n,,paakka qaakka,n son,,,?
vaakkik,tv,dec,sp,2,s,3,d,vaakkik,n,,paakkik,a,,paakkik,n,,paakkik qaakkik,n son,,,?
vaangik,tv,dec,sp,3,s,3,d,vaangik,n,,paangik,a,,paangik,n,,paangik qaangik,n son,,,?
vaptigut,tv,dec,sp,2,s,1,p,vaptigut,n,,paptigut,a,,paptigut,n,,paptigut qaptigut,n son,,,?
vaatigut,tv,dec,sp,3,s,1,p,vaatigut,n,,paatigut,a,,paatigut,n,,paatigut qaatigut,n son,,,?
vatsi,tv,dec,sp,1,s,2,p,vatsi,n,,patsi,a,,patsi,n,,patsi qatsi,n son,,,?
vaasi,tv,dec,sp,3,s,2,p,vaasi,n,,paasi,a,,paasi,n,,paasi qaasi,n son,,,?
vakka,tv,dec,sp,1,s,3,p,vakka,n,,pakka,a,,pakka,n,,pakka qakka,n son,,,?
vatit,tv,dec,sp,2,s,3,p,vatit,n,,patit,a,,patit,n,,patit qatit,n son,,,?
vangit,tv,dec,sp,3,s,3,p,vangit vait,n n,,pangit pait,a a,,pangit pait,n n,,pangit pait qangit qait,n n son son,,,?
gama,tv,caus,nsp,1,s,,,gama,n,,nama,a,,kama,n,,rama,fus,,,?
gavit,tv,caus,nsp,2,s,,,gavit,n,,navit,a,,kavit,n,,ravit,fus,,,?
gami,tv,caus,nsp,3,s,,,gami,n,,nami,a,,kami,n,,rami,fus,,,?
mat,tv,caus,nsp,4,s,,,mat mat,i(ng) i(m),,mat,a,,mat,nas,,mat,nas,,,?
gannuk,tv,caus,nsp,1,d,,,gannuk,n,,nannuk,a,,kannuk,n,,rannuk,fus,,,?
gapsik,tv,caus,nsp,2,d,,,gapsik,n,,napsik,a,,kapsik,n,,rapsik,fus,,,?
gamik,tv,caus,nsp,3,d,,,gamik,n,,namik,a,,kamik,n,,ramik,fus,,,?
matik,tv,caus,nsp,4,d,,,matik matik,i(ng) i(m),,matik,a,,matik,nas,,matik,nas,,,?
gapta,tv,caus,nsp,1,p,,,gapta,n,,napta,a,,kapta,n,,rapta,fus,,,?
gapsi,tv,caus,nsp,2,p,,,gapsi,n,,napsi,a,,kapsi,n,,rapsi,fus,,,?
gamik,tv,caus,nsp,3,p,,,gamik,n,,namik,a,,kamik,n,,ramik,fus,,,?
mata,tv,caus,nsp,4,p,,,mata mata,i(ng) i(m),,mata,a,,mata,nas,,mata,nas,,,?
guma,tv,cond,nsp,1,s,,,guma,n,,kuma,a,,kuma,n,,ruma,fus,,,?
guvit,tv,cond,nsp,2,s,,,guvit,n,,kuvit,a,,kuvit,n,,ruvit,fus,,,?
guni,tv,cond,nsp,3,s,,,guni,n,,kuni,a,,kuni,n,,runi,fus,,,?
pat,tv,cond,nsp,4,s,,,pat pat,i(k) i(p),,pat,a a(k),,pat,n,,pat,n,,,?
gunnuk,tv,cond,nsp,1,d,,,gunnuk,n,,kunnuk,a,,kunnuk,n,,runnuk,fus,,,?
gupsik,tv,cond,nsp,2,d,,,gupsik,n,,kupsik,a,,kupsik,n,,rupsik,fus,,,?
gunik,tv,cond,nsp,3,d,,,gunik,n,,kunik,a,,kunik,n,,runik,fus,,,?
patik,tv,cond,nsp,4,d,,,patik patik,i(k) i(p),,patik,a a(k),,patik,n,,patik,n,,,?
gupta,tv,cond,nsp,1,p,,,gupta,n,,kupta,a,,kupta,n,,rupta,fus,,,?
gupsi,tv,cond,nsp,2,p,,,gupsi,n,,kupsi,a,,kupsi,n,,rupsi,fus,,,?
gunik,tv,cond,nsp,3,p,,,gunik,n,,kunik,a,,kunik,n,,runik,fus,,,?
pata,tv,cond,nsp,4,p,,,pata pata,i(k) i(p),,pata,a a(k),,pata,n,,pata,n,,,?
vaattinga,tv,dec,sp,2,d,1,s,vaattinga,n,,paattinga,a,,paattinga,n,,paattinga qaattinga,n son,,,?
vaanga,tv,dec,sp,3,d,1,s,vaanga,n,,paanga,a,,paanga,n,,paanga qaanga,n son,,,?
vattigik,tv,dec,sp,1,d,2,s,vattigik,n,,pattigik,a,,pattigik,n,,pattigik qattigik,n son,,,?
vaatit,tv,dec,sp,3,d,2,s,vaatit,n,,paatit,a,,paatit,n,,paatit qaatit,n son,,,?
vavuk,tv,dec,sp,1,d,3,s,vavuk,n,,pavuk,a,,pavuk,n,,pavuk qavuk,n son,,,?
vasik,tv,dec,sp,2,d,3,s,vasik vatik,n n,,pasik patik,a a,,pasik patik,n n,,pasik patik qasik qatik,n n son son,,,?
vangak,tv,dec,sp,3,d,3,s,vangak,n,,pangak,a,,pangak,n,,pangak qangak,n son,,,?
vaattiguk,tv,dec,sp,2,d,1,d,vaattiguk,n,,paattiguk,a,,paattiguk,n,,paattiguk qaattiguk,n son,,,?
vaatiguk,tv,dec,sp,3,d,1,d,vaatiguk,n,,paatiguk,a,,paatiguk,n,,paatiguk qaatiguk,n son,,,?
vassik,tv,dec,sp,1,d,2,d,vassik,n,,passik,a,,passik,n,,passik qassik,n son,,,?
vaatik,tv,dec,sp,3,d,2,d,vaatik,n,,paatik,a,,paatik,n,,paatik qaatik,n son,,,?
vaavuk,tv,dec,sp,1,d,3,d,vaavuk,n,,paavuk,a,,paavuk,n,,paavuk qaavuk,n son,,,?
vaassik,tv,dec,sp,2,d,3,d,vaassik vaattik,n n,,paassik paattik,a a,,paassik paattik,n n,,paassik paattik qaassik qaattik,n n son son,,,?
vaangik,tv,dec,sp,3,d,3,d,vaangik,n,,paangik,a,,paangik,n,,paangik qaangik,n son,,,?
vaattigut,tv,dec,sp,2,d,1,p,vaattigut,n,,paattigut,a,,paattigut,n,,paattigut qaattigut,n son,,,?
vaatigut,tv,dec,sp,3,d,1,p,vaatigut,n,,paatigut,a,,paatigut,n,,paatigut qaatigut,n son,,,?
vassi,tv,dec,sp,1,d,2,p,vassi,n,,passi,a,,passi,n,,passi qassi,n son,,,?
vaasi,tv,dec,sp,3,d,2,p,vaasi,n,,paasi,a,,paasi,n,,paasi qaasi,n son,,,?
vavuk,tv,dec,sp,1,d,3,p,vavuk,n,,pavuk,a,,pavuk,n,,pavuk qavuk,n son,,,?
vasik,tv,dec,sp,2,d,3,p,vasik vatik,n n,,pasik patik,a a,,pasik patik,n n,,pasik patik qasik qatik,n n son son,,,?
vangik,tv,dec,sp,3,d,3,p,vangik,n,,pangik,a,,pangik,n,,pangik qangik,n son,,,?
vapsinga,tv,dec,sp,2,p,1,s,vapsinga,n,,papsinga,a,,papsinga,n,,papsinga qapsinga,n son,,,?
vaanga,tv,dec,sp,3,p,1,s,vaanga,n,,paanga,a,,paanga,n,,paanga qaanga,n son,,,?
vaptigit,tv,dec,sp,1,p,2,s,vaptigit,n,,paptigit,a,,paptigit,n,,paptigit qaptigit,n son,,,?
vaatit,tv,dec,sp,3,p,2,s,vaatit,n,,paatit,a,,paatit,n,,paatit qaatit,n son,,,?
vavut,tv,dec,sp,1,p,3,s,vavut,n,,pavut,a,,pavut,n,,pavut qavut,n son,,,?
vasi,tv,dec,sp,2,p,3,s,vasi,n,,pasi,a,,pasi,n,,pasi qasi,n son,,,?
vangat,tv,dec,sp,3,p,3,s,vangat vaat,n n,,pangat paat,a a,,pangat paat,n n,,pangat paat qangat qaat,n n son son,,,?
vattiguk,tv,dec,sp,2,p,1,d,vattiguk,n,,pattiguk,a,,pattiguk,n,,pattiguk qattiguk,n son,,,?
vaatiguk,tv,dec,sp,3,p,1,d,vaatiguk,n,,paatiguk,a,,paatiguk,n,,paatiguk qaatiguk,n son,,,?
vassik,tv,dec,sp,1,p,2,d,vassik,n,,passik,a,,passik,n,,passik qassik,n son,,,?
vaasik,tv,dec,sp,3,p,2,d,vaasik vaatik,n n,,paasik paatik,a a,,paasik paatik,n n,,paasik paatik qaasik qaatik,n n son son,,,?
vaavut,tv,dec,sp,1,p,3,d,vaavut,n,,paavut,a,,paavut,n,,paavut qaavut,n son,,,?
vaassi,tv,dec,sp,2,p,3,d,vaassi,n,,paassi,a,,paassi,n,,paassi qaassi,n son,,,?
vaangik,tv,dec,sp,3,p,3,d,vaangik,n,,paangik,a,,paangik,n,,paangik qaangik,n son,,,?
vaptigut,tv,dec,sp,2,p,1,p,vaptigut,n,,paptigut,a,,paptigut,n,,paptigut qaptigut,n son,,,?
vaatigut,tv,dec,sp,3,p,1,p,vaatigut,n,,paatigut,a,,paatigut,n,,paatigut qaatigut,n son,,,?
vapsi,tv,dec,sp,1,p,2,p,vapsi,n,,papsi,a,,papsi,n,,papsi qapsi,n son,,,?
vaasi,tv,dec,sp,3,p,2,p,vaasi,n,,paasi,a,,paasi,n,,paasi qaasi,n son,,,?
vavut,tv,dec,sp,1,p,3,p,vavut,n,,pavut,a,,pavut,n,,pavut qavut,n son,,,?
vasi,tv,dec,sp,2,p,3,p,vasi,n,,pasi,a,,pasi,n,,pasi qasi,n son,,,?
vangit,tv,dec,sp,3,p,3,p,vangit vait,n n,,pangit pait,a,,pangit pait,n n,,pangit pait qangit qait,n n son son,,,?
vittiguk,tv,int,sp,2,s,1,d,vittiguk vittikkuk,n n,,pittiguk pittikkuk,n n,,pittiguk pittikkuk,n n,,pittiguk pittikkuk qittiguk qittikkuk,n n son son,,,?
vaatiguk,tv,int,sp,3,s,1,d,vaatiguk,n,,paatiguk,n,,paatiguk,n,,paatiguk qaatiguk,n son,,,?
vassik,tv,int,sp,1,s,2,d,vassik,n,,passik,n,,passik,n,,passik qassik,n son,,,?
vaatik,tv,int,sp,3,s,2,d,vaatik,n,,paatik,n,,paatik,n,,paatik qaatik,n son,,,?
vaakka,tv,int,sp,1,s,3,d,vaakka,n,,paakka,n,,paakka,n,,paakka qaakka,n son,,,?
vigik,tv,int,sp,2,s,3,d,vigik,n,,pigik,n,,pigik,n,,pigik qigik,n son,,,?
vagik,tv,int,sp,3,s,3,d,vagik vakkik,n n,,pagik pakkik,n n,,pagik pakkik,n n,,pagik pakkik qagik qakkik,n n son son,,,?
vittigut,tv,int,sp,2,s,1,p,vittigut,n,,pittigut,n,,pittigut,n,,pittigut qittigut,n son,,,?
vaatigut,tv,int,sp,3,s,1,p,vaatigut,n,,paatigut,n,,paatigut,n,,paatigut qaatigut,n son,,,?
vassi,tv,int,sp,1,s,2,p,vassi,n,,passi,n,,passi,n,,passi qassi,n son,,,?
vaasi,tv,int,sp,3,s,2,p,vaasi,n,,paasi,n,,paasi,n,,paasi qaasi,n son,,,?
vakka,tv,int,sp,1,s,3,p,vakka,n,,pakka,n,,pakka,n,,pakka qakka,n son,,,?
vigit,tv,int,sp,2,s,3,p,vigit,n,,pigit,n,,pigit,n,,pigit qigit,n son,,,?
vagit,tv,int,sp,3,s,3,p,vagit,n,,pagit,n,,pagit,n,,pagit qagit,n son,,,?
vittinga,tv,int,sp,2,d,1,s,vittinga,n,,pittinga,n,,pittinga,n,,pittinga qittinga,n son,,,?
vaanga,tv,int,sp,3,d,1,s,vaanga,n,,paanga,n,,paanga,n,,paanga qaanga,n son,,,?
vittigit,tv,int,sp,1,d,2,s,vittigit,n,,pittigit,n,,pittigit,n,,pittigit qittigit,n son,,,?
vaatit,tv,int,sp,3,d,2,s,vaatit,n,,paatit,n,,paatit,n,,paatit qaatit,n son,,,?
vittigu,tv,int,sp,1,d,3,s,vittigu,n,,pittigu,n,,pittigu,n,,pittigu qittigu,n son,,,?
vittikku,tv,int,sp,2,d,3,s,vittikku,n,,pittikku,n,,pittikku,n,,pittikku qittikku,n son,,,?
vaak,tv,int,sp,3,d,3,s,vaak,n,,paak,n,,paak,n,,paak qaak,n son,,,?
vittiguk,tv,int,sp,2,d,1,d,vittiguk,n,,pittiguk,n,,pittiguk,n,,pittiguk qittiguk,n son,,,?
vittiguk,tv,int,sp,3,d,1,d,vittiguk vaatiguk,n n,,pittiguk paatiguk,n n,,pittiguk paatiguk,n n,,pittiguk paatiguk qittiguk qaatiguk,n n son son,,,?
vassik,tv,int,sp,1,d,2,d,vassik,n,,passik,n,,passik,n,,passik qassik,n son,,,?
vaatik,tv,int,sp,3,d,2,d,vaatik,n,,paatik,n,,paatik,n,,paatik qaatik,n son,,,?
vittigik,tv,int,sp,1,d,3,d,vittigik,n,,pittigik,n,,pittigik,n,,pittigik qittigik,n son,,,?
vittikkik,tv,int,sp,2,d,3,d,vittikkik,n,,pittikkik,n,,pittikkik,n,,pittikkik qittikkik,n son,,,?
vakkik,tv,int,sp,3,d,3,d,vakkik,n,,pakkik,n,,pakkik,n,,pakkik qakkik,n son,,,?
vittigut,tv,int,sp,2,d,1,p,vittigut,n,,pittigut,n,,pittigut,n,,pittigut qittigut,n son,,,?
vittigut,tv,int,sp,3,d,1,p,vittigut vaatigut,n n,,pittigut paatigut,n n,,pittigut paatigut,n n,,pittigut paatigut qittigut qaatigut,n n son son,,,?
vassi,tv,int,sp,1,d,2,p,vassi,n,,passi,n,,passi,n,,passi qassi,n son,,,?
vaasi,tv,int,sp,3,d,2,p,vaasi,n,,paasi,n,,paasi,n,,paasi qaasi,n son,,,?
vittigit,tv,int,sp,1,d,3,p,vittigit,n,,pittigit,n,,pittigit,n,,pittigit qittigit,n son,,,?
vittikkit,tv,int,sp,2,d,3,p,vittikkit,n,,pittikkit,n,,pittikkit,n,,pittikkit qittikkit,n son,,,?
vittigit,tv,int,sp,3,d,3,p,vittigit vakkit,n n,,pittigit pakkit,n n,,pittigit pakkit,n n,,pittigit pakkit qittigit qakkit,n n son son,,,?
visinga,tv,int,sp,2,p,1,s,visinga,n,,pisinga,n,,pisinga,n,,pisinga qisinga,n son,,,?
vaanga,tv,int,sp,3,p,1,s,vaanga,n,,paanga,n,,paanga,n,,paanga qaanga,n son,,,?
vitigit,tv,int,sp,1,p,2,s,vitigit,n,,pitigit,n,,pitigit,n,,pitigit qitigit,n son,,,?
vaatit,tv,int,sp,3,p,2,s,vaatit,n,,paatit,n,,paatit,n,,paatit qaatit,n son,,,?
vitigu,tv,int,sp,1,p,3,s,vitigu,n,,pitigu,n,,pitigu,n,,pitigu qitigu,n son,,,?
visiuk,tv,int,sp,2,p,3,s,visiuk,n,,pisiuk,n,,pisiuk,n,,pisiuk qisiuk,n son,,,?
vajjuk,tv,int,sp,3,p,3,s,vajjuk,n,,pajjuk,n,,pajjuk,n,,pajjuk qajjuk,n son,,,?
vittiguk,tv,int,sp,2,p,1,d,vittiguk,n,,pittiguk,n,,pittiguk,n,,pittiguk qittiguk,n son,,,?
vittiguk,tv,int,sp,3,p,1,d,vittiguk vaatiguk,n n,,pittiguk paatiguk,n n,,pittiguk paatiguk,n n,,pittiguk paatiguk qittiguk qaatiguk,n n son son,,,?
vassik,tv,int,sp,1,p,2,d,vassik,n,,passik,n,,passik,n,,passik qassik,n son,,,?
vaatik,tv,int,sp,3,p,2,d,vaatik,n,,paatik,n,,paatik,n,,paatik qaatik,n son,,,?
vitigik,tv,int,sp,1,p,3,d,vitigik,n,,pitigik,n,,pitigik,n,,pitigik qitigik,n son,,,?
visigik,tv,int,sp,2,p,3,d,visigik,n,,pisigik,n,,pisigik,n,,pisigik qisigik,n son,,,?
vagik,tv,int,sp,3,p,3,d,vagik,n,,pagik,n,,pagik,n,,pagik qagik,n son,,,?
vitigut,tv,int,sp,2,p,1,p,vitigut,n,,pitigut,n,,pitigut,n,,pitigut qitigut,n son,,,?
vaatigut,tv,int,sp,3,p,1,p,vaatigut,n,,paatigut,n,,paatigut,n,,paatigut qaatigut,n son,,,?
vassi,tv,int,sp,1,p,2,p,vassi,n,,passi,n,,passi,n,,passi qassi,n son,,,?
vaasi,tv,int,sp,3,p,2,p,vaasi,n,,paasi,n,,paasi,n,,paasi qaasi,n son,,,?
vitigit,tv,int,sp,1,p,3,p,vitigit,n,,pitigit,n,,pitigit,n,,pitigit qitigit,n son,,,?
visigit,tv,int,sp,2,p,3,p,visigit,n,,pisigit,n,,pisigit,n,,pisigit qisigit,n son,,,?
vagit,tv,int,sp,3,p,3,p,vagit,n,,pagit,n,,pagit,n,,pagit qagit,n son,,,?
nnga,tv,imp,sp,2,s,1,s,nnga,n,,nnga,s,,nnga,s,,nnga,s,,,?
linga,tv,imp,sp,3,s,1,s,linga,n,,linga,son,,linga,son,,linga,son,,,?
lagit,tv,imp,sp,1,s,2,s,lagit,n,,lagit,son,,lagit,son,,lagit,son,,,?
litit,tv,imp,sp,3,s,2,s,litit,n,,litit,son,,litit,son,,litit,son,,,?
lagu,tv,imp,sp,1,s,3,s,lagu,n,,lagu,son,,lagu,son,,lagu,son,,,?
guk,tv,imp,sp,2,s,3,s,guk,n,,juk,a,,guk,fus,,ruk,fus,,,?
liuk,tv,imp,sp,3,s,3,s,liuk,n,,liuk,son,,liuk,son,,liuk,son,,,?
tiguk,tv,imp,sp,2,s,1,d,tiguk,n,,tiguk,n,,tiguk,n,,tiguk,n,,,?
litiguk,tv,imp,sp,3,s,1,d,litiguk,n,,litiguk,son,,litiguk,son,,litiguk,son,,,?
lassik,tv,imp,sp,1,s,2,d,lassik,n,,lassik,son,,lassik,son,,lassik,son,,,?
litik,tv,imp,sp,3,s,2,d,litik,n,,litik,son,,litik,son,,litik,son,,,?
laakka,tv,imp,sp,1,s,3,d,laakka,n,,laakka,son,,laakka,son,,laakka,son,,,?
kkik,tv,imp,sp,2,s,3,d,kkik,n,,kkik,s,,kkik,s,,kkik,s,,,?
likkik,tv,imp,sp,3,s,3,d,likkik,n,,likkik,son,,likkik,son,,likkik,son,,,?
tigut,tv,imp,sp,2,s,1,p,tigut,n,,tigut,n,,tigut,n,,tigut,n,,,?
litigut,tv,imp,sp,3,s,1,p,litigut,n,,litigut,son,,litigut,son,,litigut,son,,,?
lassi,tv,imp,sp,1,s,2,p,lassi,n,,lassi,son,,lassi,son,,lassi,son,,,?
lisi,tv,imp,sp,3,s,2,p,lisi,n,,lisi,son,,lisi,son,,lisi,son,,,?
lakka,tv,imp,sp,1,s,3,p,lakka,n,,lakka,son,,lakka,son,,lakka,son,,,?
kkit,tv,imp,sp,2,s,3,p,kkit,n,,kkit,s,,kkit,s,,kkit,s,,,?
ligit,tv,imp,sp,3,s,3,p,ligit,n,,ligit,son,,ligit,son,,ligit,son,,,?
ttinga,tv,imp,sp,2,d,1,s,ttinga,n,,ttinga,s,,ttinga,s,,ttinga,s,,,?
linga,tv,imp,sp,3,d,1,s,linga,n,,linga,son,,linga,son,,linga,son,,,?
lattigit,tv,imp,sp,1,d,2,s,lattigit,n,,lattigit,son,,lattigit,son,,lattigit,son,,,?
litit,tv,imp,sp,3,d,2,s,litit,n,,litit,son,,litit,son,,litit,son,,,?
lavuk,tv,imp,sp,1,d,3,s,lavuk,n,,lavuk,son,,lavuk,son,,lavuk,son,,,?
tikku,tv,imp,sp,2,d,3,s,tikku,n,,tikku,n,,tikku,n,,tikku,n,,,?
likku,tv,imp,sp,3,d,3,s,likku,n,,likku,son,,likku,son,,likku,son,,,?
tiguk,tv,imp,sp,2,d,1,d,tiguk,n,,tiguk,n,,tiguk,n,,tiguk,n,,,?
litiguk,tv,imp,sp,3,d,1,d,litiguk,n,,litiguk,son,,litiguk,son,,litiguk,son,,,?
lassik,tv,imp,sp,1,d,2,d,lassik,n,,lassik,son,,lassik,son,,lassik,son,,,?
litik,tv,imp,sp,3,d,2,d,litik,n,,litik,son,,litik,son,,litik,son,,,?
laavuk,tv,imp,sp,1,d,3,d,laavuk,n,,laavuk,son,,laavuk,son,,laavuk,son,,,?
tikkik,tv,imp,sp,2,d,3,d,tikkik,n,,tikkik,n,,tikkik,n,,tikkik,n,,,?
likkik,tv,imp,sp,3,d,3,d,likkik,n,,likkik,son,,likkik,son,,likkik,son,,,?
tigut,tv,imp,sp,2,d,1,p,tigut,n,,tigut,n,,tigut,n,,tigut,n,,,?
litigut,tv,imp,sp,3,d,1,p,litigut,n,,litigut,son,,litigut,son,,litigut,son,,,?
lassi,tv,imp,sp,1,d,2,p,lassi,n,,lassi,son,,lassi,son,,lassi,son,,,?
lisi,tv,imp,sp,3,d,2,p,lisi,n,,lisi,son,,lisi,son,,lisi,son,,,?
lavuk,tv,imp,sp,1,d,3,p,lavuk,n,,lavuk,son,,lavuk,son,,lavuk,son,,,?
tikkit,tv,imp,sp,2,d,3,p,tikkit,n,,tikkit,n,,tikkit,n,,tikkit,n,,,?
likkit,tv,imp,sp,3,d,3,p,likkit,n,,likkit,son,,likkit,son,,likkit,son,,,?
singa,tv,imp,sp,2,p,1,s,singa,n,,singa,n,,singa,n,,singa,n,,,?
linga,tv,imp,sp,3,p,1,s,linga,n,,linga,son,,linga,son,,linga,son,,,?
lattigit,tv,imp,sp,1,p,2,s,lattigit,n,,lattigit,son,,lattigit,son,,lattigit,son,,,?
litit,tv,imp,sp,3,p,2,s,litit,n,,litit,son,,litit,son,,litit,son,,,?
lavut,tv,imp,sp,1,p,3,s,lavut,n,,lavut,son,,lavut,son,,lavut,son,,,?
siuk,tv,imp,sp,2,p,3,s,siuk,n,,siuk,n,,siuk,n,,siuk,n,,,?
lijjuk,tv,imp,sp,3,p,3,s,lijjuk,n,,lijjuk,son,,lijjuk,son,,lijjuk,son,,,?
tiguk,tv,imp,sp,2,p,1,d,tiguk,n,,tiguk,n,,tiguk,n,,tiguk,n,,,?
litiguk,tv,imp,sp,3,p,1,d,litiguk,n,,litiguk,son,,litiguk,son,,litiguk,son,,,?
lassik,tv,imp,sp,1,p,2,d,lassik,n,,lassik,son,,lassik,son,,lassik,son,,,?
litik,tv,imp,sp,3,p,2,d,litik,n,,litik,son,,litik,son,,litik,son,,,?
laavut,tv,imp,sp,1,p,3,d,laavut,n,,laavut,son,,laavut,son,,laavut,son,,,?
sikkik,tv,imp,sp,2,p,3,d,sikkik,n,,sikkik,n,,sikkik,n,,sikkik,n,,,?
likkik,tv,imp,sp,3,p,3,d,likkik,n,,likkik,son,,likkik,son,,likkik,son,,,?
tigut,tv,imp,sp,2,p,1,p,tigut,n,,tigut,n,,tigut,n,,tigut,n,,,?
litigut,tv,imp,sp,3,p,1,p,litigut,n,,litigut,son,,litigut,son,,litigut,son,,,?
lassi,tv,imp,sp,1,p,2,p,lassi,n,,lassi,son,,lassi,son,,lassi,son,,,?
lisi,tv,imp,sp,3,p,2,p,lisi,n,,lisi,son,,lisi,son,,lisi,son,,,?
lavut,tv,imp,sp,1,p,3,p,lavut,n,,lavut,son,,lavut,son,,lavut,son,,,?
sigit,tv,imp,sp,2,p,3,p,sigit,n,,sigit,n,,sigit,n,,sigit,n,,,?
ligit,tv,imp,sp,3,p,3,p,ligit,n,,ligit,son,,ligit,son,,ligit,son,,,?
gavinga,tv,caus,sp,2,s,1,s,gavinga gangma,n n,,navinga nangma,a a,,kavinga kangma,n n,,ravinga rangma,fus fus,,,?
gaminga,tv,caus,sp,3,s,1,s,gaminga,n,,naminga,a,,kaminga,n,,raminga,fus,,,?
maanga,tv,caus,sp,4,s,1,s,maanga,i(ng),,maanga,a,,maanga,nas,,maanga,nas,,,?
gapkit,tv,caus,sp,1,s,2,s,gapkit gipkit,n n,,napkit nipkit,a a,,kapkit kipkit,n n,,rapkit ripkit,fus fus,,,?
gamitit,tv,caus,sp,3,s,2,s,gamitit,n,,namitit,a,,kamitit,n,,ramitit,fus,,,?
maatit,tv,caus,sp,4,s,2,s,maatit,i(ng),,maatit,a,,maatit,nas,,maatit,nas,,,?
gapku,tv,caus,sp,1,s,3,s,gapku,n,,napku,a,,kapku,n,,rapku,fus,,,?
gaviuk,tv,caus,sp,2,s,3,s,gaviuk gangni,n n,,naviuk nangni,a a,,kaviuk kangni,n n,,raviuk rangni,fus fus,,,?
gamiuk,tv,caus,sp,3,s,3,s,gamiuk,n,,namiuk,a,,kamiuk,n,,ramiuk,fus,,,?
magu,tv,caus,sp,4,s,3,s,magu,i(ng),,magu,a,,magu,nas,,magu,nas,,,?
gaptiguk,tv,caus,sp,2,s,1,d,gaptiguk,n,,naptiguk,a,,kaptiguk,n,,raptiguk,fus,,,?
gamitiguk,tv,caus,sp,3,s,1,d,gamitiguk,n,,namitiguk,a,,kamitiguk,n,,ramitiguk,fus,,,?
maatiguk,tv,caus,sp,4,s,1,d,maatiguk,i(ng),,maatiguk,a,,maatiguk,nas,,maatiguk,nas,,,?
gassik,tv,caus,sp,1,s,2,d,gassik gattik,n n,,nassik nattik,a a,,kassik kattik,n n,,rassik rattik,fus fus,,,?
gamitik,tv,caus,sp,3,s,2,d,gamitik,n,,namitik,a,,kamitik,n,,ramitik,fus,,,?
maatik,tv,caus,sp,4,s,2,d,maatik,i(ng),,maatik,a,,maatik,nas,,maatik,nas,,,?
gakkik,tv,caus,sp,1,s,3,d,gakkik,n,,nakkik,a,,kakkik,n,,rakkik,fus,,,?
gavigik,tv,caus,sp,2,s,3,d,gavigik gangni,n n,,navigik nangni,a a,,kavigik kangni,n n,,ravigik rangni,fus fus,,,?
gamigik,tv,caus,sp,3,s,3,d,gamigik,n,,namigik,a,,kamigik,n,,ramigik,fus,,,?
magik,tv,caus,sp,4,s,3,d,magik,i(ng),,magik,a,,magik,nas,,magik,nas,,,?
gaptigut,tv,caus,sp,2,s,1,p,gaptigut,n,,naptigut,a,,kaptigut,n,,raptigut,fus,,,?
gamitigut,tv,caus,sp,3,s,1,p,gamitigut,n,,namitigut,a,,kamitigut,n,,ramitigut,fus,,,?
maatigut,tv,caus,sp,4,s,1,p,maatigut,i(ng),,maatigut,a,,maatigut,nas,,maatigut,nas,,,?
gapsi,tv,caus,sp,1,s,2,p,gapsi,n,,napsi,a,,kapsi,n,,rapsi,fus,,,?
gamisi,tv,caus,sp,3,s,2,p,gamisi,n,,namisi,a,,kamisi,n,,ramisi,fus,,,?
maasi,tv,caus,sp,4,s,2,p,maasi,i(ng),,maasi,a,,maasi,nas,,maasi,nas,,,?
gapkit,tv,caus,sp,1,s,3,p,gapkit,n,,napkit,a,,kapkit,n,,rapkit,fus,,,?
gavigit,tv,caus,sp,2,s,3,p,gavigit gangni,n n,,navigit nangni,a a,,kavigit kangni,n n,,ravigit rangni,fus fus,,,?
gamigit,tv,caus,sp,3,s,3,p,gamigit,n,,namigit,a,,kamigit,n,,ramigit,fus,,,?
magit,tv,caus,sp,4,s,3,p,magit,i(ng),,magit,a,,magit,nas,,magit,nas,,,?
gattinga,tv,caus,sp,2,d,1,s,gattinga,n,,nattinga,a,,kattinga,n,,rattinga,fus,,,?
gaminga,tv,caus,sp,3,d,1,s,gaminga,n,,naminga,a,,kaminga,n,,raminga,fus,,,?
maanga,tv,caus,sp,4,d,1,s,maanga,i(ng),,maanga,a,,maanga,nas,,maanga,nas,,,?
gaptigit,tv,caus,sp,1,d,2,s,gaptigit,n,,naptigit,a,,kaptigit,n,,raptigit,fus,,,?
gamitit,tv,caus,sp,3,d,2,s,gamitit,n,,namitit,a,,kamitit,n,,ramitit,fus,,,?
maatit,tv,caus,sp,4,d,2,s,maatit,i(ng),,maatit,a,,maatit,nas,,maatit,nas,,,?
gaptigu,tv,caus,sp,1,d,3,s,gaptigu,n,,naptigu,a,,kaptigu,n,,raptigu,fus,,,?
gattiku,tv,caus,sp,2,d,3,s,gattiku,n,,nattiku,a,,kattiku,n,,rattiku,fus,,,?
gamikku,tv,caus,sp,3,d,3,s,gamikku,n,,namikku,a,,kamikku,n,,ramikku,fus,,,?
makku,tv,caus,sp,4,d,3,s,makku,i(ng),,makku,a,,makku,nas,,makku,nas,,,?
gattiguk,tv,caus,sp,2,d,1,d,gattiguk,n,,nattiguk,a,,kattiguk,n,,rattiguk,fus,,,?
gamitiguk,tv,caus,sp,3,d,1,d,gamitiguk,n,,namitiguk,a,,kamitiguk,n,,ramitiguk,fus,,,?
maatiguk,tv,caus,sp,4,d,1,d,maatiguk,i(ng),,maatiguk,a,,maatiguk,nas,,maatiguk,nas,,,?
gassik,tv,caus,sp,1,d,2,d,gassik gattik,n n,,nassik nattik,a a,,kassik kattik,n n,,rassik rattik,fus fus,,,?
gamitik,tv,caus,sp,3,d,2,d,gamitik,n,,namitik,a,,kamitik,n,,ramitik,fus,,,?
maatik,tv,caus,sp,4,d,2,d,maatik,i(ng),,maatik,a,,maatik,nas,,maatik,nas,,,?
gaptigik,tv,caus,sp,1,d,3,d,gaptigik,n,,naptigik,a,,kaptigik,n,,raptigik,fus,,,?
gattikik,tv,caus,sp,2,d,3,d,gattikik,n,,nattikik,a,,kattikik,n,,rattikik,fus,,,?
gamikkik,tv,caus,sp,3,d,3,d,gamikkik,n,,namikkik,a,,kamikkik,n,,ramikkik,fus,,,?
makkik,tv,caus,sp,4,d,3,d,makkik,i(ng),,makkik,a,,makkik,nas,,makkik,nas,,,?
gattigut,tv,caus,sp,2,d,1,p,gattigut,n,,nattigut,a,,kattigut,n,,rattigut,fus,,,?
gamitigut,tv,caus,sp,3,d,1,p,gamitigut,n,,namitigut,a,,kamitigut,n,,ramitigut,fus,,,?
maatigut,tv,caus,sp,4,d,1,p,maatigut,i(ng),,maatigut,a,,maatigut,nas,,maatigut,nas,,,?
gapsi,tv,caus,sp,1,d,2,p,gapsi,n,,napsi,a,,kapsi,n,,rapsi,fus,,,?
gamisi,tv,caus,sp,3,d,2,p,gamisi,n,,namisi,a,,kamisi,n,,ramisi,fus,,,?
maasi,tv,caus,sp,4,d,2,p,maasi,i(ng),,maasi,a,,maasi,nas,,maasi,nas,,,?
gaptigit,tv,caus,sp,1,d,3,p,gaptigit,n,,naptigit,a,,kaptigit,n,,raptigit,fus,,,?
gattikit,tv,caus,sp,2,d,3,p,gattikit,n,,nattikit,a,,kattikit,n,,rattikit,fus,,,?
gamikkit,tv,caus,sp,3,d,3,p,gamikkit,n,,namikkit,a,,kamikkit,n,,ramikkit,fus,,,?
makkit,tv,caus,sp,4,d,3,p,makkit,i(ng),,makkit,a,,makkit,nas,,makkit,nas,,,?
gapsinga,tv,caus,sp,2,p,1,s,gapsinga,n,,napsinga,a,,kapsinga,n,,rapsinga,fus,,,?
gaminga,tv,caus,sp,3,p,1,s,gaminga,n,,naminga,a,,kaminga,n,,raminga,fus,,,?
maanga,tv,caus,sp,4,p,1,s,maanga,i(ng),,maanga,a,,maanga,nas,,maanga,nas,,,?
gaptigit,tv,caus,sp,1,p,2,s,gaptigit,n,,naptigit,a,,kaptigit,n,,raptigit,fus,,,?
gamitit,tv,caus,sp,3,p,2,s,gamitit,n,,namitit,a,,kamitit,n,,ramitit,fus,,,?
maatit,tv,caus,sp,4,p,2,s,maatit,i(ng),,maatit,a,,maatit,nas,,maatit,nas,,,?
gaptigu,tv,caus,sp,1,p,3,s,gaptigu,n,,naptigu,a,,kaptigu,n,,raptigu,fus,,,?
gapsiuk,tv,caus,sp,2,p,3,s,gapsiuk,n,,napsiuk,a,,kapsiuk,n,,rapsiuk,fus,,,?
gamijjuk,tv,caus,sp,3,p,3,s,gamijjuk gamiku,n n,,namijjuk namiku,a a,,kamijjuk kamiku,n n,,ramijjuk ramiku,fus fus,,,?
magjuk,tv,caus,sp,4,p,3,s,magjuk,i(ng),,magjuk,a,,magjuk,nas,,magjuk,nas,,,?
gaptiguk,tv,caus,sp,2,p,1,d,gaptiguk,n,,naptiguk,a,,kaptiguk,n,,raptiguk,fus,,,?
gamitiguk,tv,caus,sp,3,p,1,d,gamitiguk,n,,namitiguk,a,,kamitiguk,n,,ramitiguk,fus,,,?
maatiguk,tv,caus,sp,4,p,1,d,maatiguk,i(ng),,maatiguk,a,,maatiguk,nas,,maatiguk,nas,,,?
gassik,tv,caus,sp,1,p,2,d,gassik gattik,n n,,nassik nattik,a a,,kassik kattik,n n,,rassik rattik,fus fus,,,?
gamitik,tv,caus,sp,3,p,2,d,gamitik,n,,namitik,a,,kamitik,n,,ramitik,fus,,,?
maatik,tv,caus,sp,4,p,2,d,maatik,i(ng),,maatik,a,,maatik,nas,,maatik,nas,,,?
gaptigik,tv,caus,sp,1,p,3,d,gaptigik,n,,naptigik,a,,kaptigik,n,,raptigik,fus,,,?
gapsigik,tv,caus,sp,2,p,3,d,gapsigik,n,,napsigik,a,,kapsigik,n,,rapsigik,fus,,,?
gamigik,tv,caus,sp,3,p,3,d,gamigik,n,,namigik,a,,kamigik,n,,ramigik,fus,,,?
magik,tv,caus,sp,4,p,3,d,magik,i(ng),,magik,a,,magik,nas,,magik,nas,,,?
gaptigut,tv,caus,sp,2,p,1,p,gaptigut,n,,naptigut,a,,kaptigut,n,,raptigut,fus,,,?
gamitigut,tv,caus,sp,3,p,1,p,gamitigut,n,,namitigut,a,,kamitigut,n,,ramitigut,fus,,,?
maatigut,tv,caus,sp,4,p,1,p,maatigut,i(ng),,maatigut,a,,maatigut,nas,,maatigut,nas,,,?
gapsi,tv,caus,sp,1,p,2,p,gapsi,n,,napsi,a,,kapsi,n,,rapsi,fus,,,?
gamisi,tv,caus,sp,3,p,2,p,gamisi,n,,namisi,a,,kamisi,n,,ramisi,fus,,,?
maasi,tv,caus,sp,4,p,2,p,maasi,i(ng),,maasi,a,,maasi,nas,,maasi,nas,,,?
gaptigit,tv,caus,sp,1,p,3,p,gaptigit,n,,naptigit,a,,kaptigit,n,,raptigit,fus,,,?
gapsigit,tv,caus,sp,2,p,3,p,gapsigit,n,,napsigit,a,,kapsigit,n,,rapsigit,fus,,,?
gamigit,tv,caus,sp,3,p,3,p,gamigit,n,,namigit,a,,kamigit,n,,ramigit,fus,,,?
magit,tv,caus,sp,4,p,3,p,magit,i(ng),,magit,a,,magit,nas,,magit,nas,,,?
guvinga,tv,cond,sp,2,s,1,s,guvinga gungma,n n,,kuvinga kungma,a a,,kuvinga kungma,n n,,ruvinga rungma,fus fus,,,?
guninga,tv,cond,sp,3,s,1,s,guninga,n,,kuninga,a,,kuninga,n,,runinga,fus,,,?
paanga,tv,cond,sp,4,s,1,s,paanga,i(k),,paanga,a,,paanga,n,,paanga,n,,,?
gupkit,tv,cond,sp,1,s,2,s,gupkit,n,,kupkit,a,,kupkit,n,,rupkit,fus,,,?
gunitit,tv,cond,sp,3,s,2,s,gunitit,n,,kunitit,a,,kunitit,n,,runitit,fus,,,?
paatit,tv,cond,sp,4,s,2,s,paatit,i(k),,paatit,a,,paatit,n,,paatit,n,,,?
gupku,tv,cond,sp,1,s,3,s,gupku,n,,kupku,a,,kupku,n,,rupku,fus,,,?
guviuk,tv,cond,sp,2,s,3,s,guviuk gungni,n n,,kuviuk kungni,a a,,kuviuk kungni,n n,,ruviuk rungni,fus fus,,,?
guniuk,tv,cond,sp,3,s,3,s,guniuk,n,,kuniuk,a,,kuniuk,n,,runiuk,fus,,,?
pagu,tv,cond,sp,4,s,3,s,pagu,i(k),,pagu,a,,pagu,n,,pagu,n,,,?
guptiguk,tv,cond,sp,2,s,1,d,guptiguk,n,,kuptiguk,a,,kuptiguk,n,,ruptiguk,fus,,,?
gunitiguk,tv,cond,sp,3,s,1,d,gunitiguk,n,,kunitiguk,a,,kunitiguk,n,,runitiguk,fus,,,?
paatiguk,tv,cond,sp,4,s,1,d,paatiguk,i(k),,paatiguk,a,,paatiguk,n,,paatiguk,n,,,?
gussik,tv,cond,sp,1,s,2,d,gussik guttik,n n,,kussik kuttik,a a,,kussik kuttik,n n,,russik ruttik,fus fus,,,?
gunitik,tv,cond,sp,3,s,2,d,gunitik,n,,kunitik,a,,kunitik,n,,runitik,fus,,,?
paatik,tv,cond,sp,4,s,2,d,paatik,i(k),,paatik,a,,paatik,n,,paatik,n,,,?
gukkik,tv,cond,sp,1,s,3,d,gukkik,n,,kukkik,a,,kukkik,n,,rukkik,fus,,,?
guvigik,tv,cond,sp,2,s,3,d,guvigik gungni,n n,,kuvigik kungni,a a,,kuvigik kungni,n n,,ruvigik rungni,fus fus,,,?
gunigik,tv,cond,sp,3,s,3,d,gunigik,n,,kunigik,a,,kunigik,n,,runigik,fus,,,?
pagik,tv,cond,sp,4,s,3,d,pagik,i(k),,pagik,a,,pagik,n,,pagik,n,,,?
guttigut,tv,cond,sp,2,s,1,p,guttigut,n,,kuttigut,a,,kuttigut,n,,ruttigut,fus,,,?
gunitigut,tv,cond,sp,3,s,1,p,gunitigut,n,,kunitigut,a,,kunitigut,n,,runitigut,fus,,,?
paatigut,tv,cond,sp,4,s,1,p,paatigut,i(k),,paatigut,a,,paatigut,n,,paatigut,n,,,?
gupsi,tv,cond,sp,1,s,2,p,gupsi,n,,kupsi,a,,kupsi,n,,rupsi,fus,,,?
gunisi,tv,cond,sp,3,s,2,p,gunisi,n,,kunisi,a,,kunisi,n,,runisi,fus,,,?
paasi,tv,cond,sp,4,s,2,p,paasi,i(k),,paasi,a,,paasi,n,,paasi,n,,,?
gupkit,tv,cond,sp,1,s,3,p,gupkit,n,,kupkit,a,,kupkit,n,,rupkit,fus,,,?
guvigit,tv,cond,sp,2,s,3,p,guvigit gungni,n n,,kuvigit kungni,a a,,kuvigit kungni,n n,,ruvigit rungni,fus fus,,,?
gunigit,tv,cond,sp,3,s,3,p,gunigit,n,,kunigit,a,,kunigit,n,,runigit,fus,,,?
pagit,tv,cond,sp,4,s,3,p,pagit,i(k),,pagit,a,,pagit,n,,pagit,n,,,?
guttinga,tv,cond,sp,2,d,1,s,guttinga,n,,kuttinga,a,,kuttinga,n,,ruttinga,fus,,,?
guninga,tv,cond,sp,3,d,1,s,guninga,n,,kuninga,a,,kuninga,n,,runinga,fus,,,?
paanga,tv,cond,sp,4,d,1,s,paanga,i(k),,paanga,a,,paanga,n,,paanga,n,,,?
guptigit,tv,cond,sp,1,d,2,s,guptigit,n,,kuptigit,a,,kuptigit,n,,ruptigit,fus,,,?
gunitit,tv,cond,sp,3,d,2,s,gunitit,n,,kunitit,a,,kunitit,n,,runitit,fus,,,?
paatit,tv,cond,sp,4,d,2,s,paatit,i(k),,paatit,a,,paatit,n,,paatit,n,,,?
guptigu,tv,cond,sp,1,d,3,s,guptigu,n,,kuptigu,a,,kuptigu,n,,ruptigu,fus,,,?
guttiku,tv,cond,sp,2,d,3,s,guttiku,n,,kuttiku,a,,kuttiku,n,,ruttiku,fus,,,?
gunikku,tv,cond,sp,3,d,3,s,gunikku,n,,kunikku,a,,kunikku,n,,runikku,fus,,,?
pakku,tv,cond,sp,4,d,3,s,pakku,i(k),,pakku,a,,pakku,n,,pakku,n,,,?
guttiguk,tv,cond,sp,2,d,1,d,guttiguk,n,,kuttiguk,a,,kuttiguk,n,,ruttiguk,fus,,,?
gunitiguk,tv,cond,sp,3,d,1,d,gunitiguk,n,,kunitiguk,a,,kunitiguk,n,,runitiguk,fus,,,?
paatiguk,tv,cond,sp,4,d,1,d,paatiguk,i(k),,paatiguk,a,,paatiguk,n,,paatiguk,n,,,?
gussik,tv,cond,sp,1,d,2,d,gussik guttik,n n,,kussik kuttik,a a,,kussik kuttik,n n,,russik ruttik,fus fus,,,?
gunitik,tv,cond,sp,3,d,2,d,gunitik,n,,kunitik,a,,kunitik,n,,runitik,fus,,,?
paatik,tv,cond,sp,4,d,2,d,paatik,i(k),,paatik,a,,paatik,n,,paatik,n,,,?
guptigik,tv,cond,sp,1,d,3,d,guptigik,n,,kuptigik,a,,kuptigik,n,,ruptigik,fus,,,?
guttikik,tv,cond,sp,2,d,3,d,guttikik,n,,kuttikik,a,,kuttikik,n,,ruttikik,fus,,,?
gunikkik,tv,cond,sp,3,d,3,d,gunikkik,n,,kunikkik,a,,kunikkik,n,,runikkik,fus,,,?
pakkik,tv,cond,sp,4,d,3,d,pakkik,i(k),,pakkik,a,,pakkik,n,,pakkik,n,,,?
guttigut,tv,cond,sp,2,d,1,p,guttigut,n,,kuttigut,a,,kuttigut,n,,ruttigut,fus,,,?
gunitigut,tv,cond,sp,3,d,1,p,gunitigut,n,,kunitigut,a,,kunitigut,n,,runitigut,fus,,,?
paatigut,tv,cond,sp,4,d,1,p,paatigut,i(k),,paatigut,a,,paatigut,n,,paatigut,n,,,?
gupsi,tv,cond,sp,1,d,2,p,gupsi,n,,kupsi,a,,kupsi,n,,rupsi,fus,,,?
gunisi,tv,cond,sp,3,d,2,p,gunisi,n,,kunisi,a,,kunisi,n,,runisi,fus,,,?
paasi,tv,cond,sp,4,d,2,p,paasi,i(k),,paasi,a,,paasi,n,,paasi,n,,,?
guptigit,tv,cond,sp,1,d,3,p,guptigit,n,,kuptigit,a,,kuptigit,n,,ruptigit,fus,,,?
guttikit,tv,cond,sp,2,d,3,p,guttikit,n,,kuttikit,a,,kuttikit,n,,ruttikit,fus,,,?
gunikkit,tv,cond,sp,3,d,3,p,gunikkit,n,,kunikkit,a,,kunikkit,n,,runikkit,fus,,,?
pakkit,tv,cond,sp,4,d,3,p,pakkit,i(k),,pakkit,a,,pakkit,n,,pakkit,n,,,?
gupsinga,tv,cond,sp,2,p,1,s,gupsinga,n,,kupsinga,a,,kupsinga,n,,rupsinga,fus,,,?
guninga,tv,cond,sp,3,p,1,s,guninga,n,,kuninga,a,,kuninga,n,,runinga,fus,,,?
paanga,tv,cond,sp,4,p,1,s,paanga,i(k),,paanga,a,,paanga,n,,paanga,n,,,?
guptigit,tv,cond,sp,1,p,2,s,guptigit,n,,kuptigit,a,,kuptigit,n,,ruptigit,fus,,,?
gunitit,tv,cond,sp,3,p,2,s,gunitit,n,,kunitit,a,,kunitit,n,,runitit,fus,,,?
paatit,tv,cond,sp,4,p,2,s,paatit,i(k),,paatit,a,,paatit,n,,paatit,n,,,?
guptigu,tv,cond,sp,1,p,3,s,guptigu,n,,kuptigu,a,,kuptigu,n,,ruptigu,fus,,,?
gupsiuk,tv,cond,sp,2,p,3,s,gupsiuk,n,,kupsiuk,a,,kupsiuk,n,,rupsiuk,fus,,,?
gunijjuk,tv,cond,sp,3,p,3,s,gunijjuk guniku,n n,,kunijjuk kuniku,a a,,kunijjuk kuniku,n n,,runijjuk runiku,fus fus,,,?
pajjuk,tv,cond,sp,4,p,3,s,pajjuk,i(k),,pajjuk,a,,pajjuk,n,,pajjuk,n,,,?
guptiguk,tv,cond,sp,2,p,1,d,guptiguk,n,,kuptiguk,a,,kuptiguk,n,,ruptiguk,fus,,,?
gunitiguk,tv,cond,sp,3,p,1,d,gunitiguk,n,,kunitiguk,a,,kunitiguk,n,,runitiguk,fus,,,?
paatiguk,tv,cond,sp,4,p,1,d,paatiguk,i(k),,paatiguk,a,,paatiguk,n,,paatiguk,n,,,?
gussik,tv,cond,sp,1,p,2,d,gussik guttik,n n,,kussik kuttik,a a,,kussik kuttik,n,,russik ruttik,fus fus,,,?
gunitik,tv,cond,sp,3,p,2,d,gunitik,n,,kunitik,a,,kunitik,n,,runitik,fus,,,?
paatik,tv,cond,sp,4,p,2,d,paatik,i(k),,paatik,a,,paatik,n,,paatik,n,,,?
guptigik,tv,cond,sp,1,p,3,d,guptigik,n,,kuptigik,a,,kuptigik,n,,ruptigik,fus,,,?
gupsigik,tv,cond,sp,2,p,3,d,gupsigik,n,,kupsigik,a,,kupsigik,n,,rupsigik,fus,,,?
gunigik,tv,cond,sp,3,p,3,d,gunigik,n,,kunigik,a,,kunigik,n,,runigik,fus,,,?
pagik,tv,cond,sp,4,p,3,d,pagik,i(k),,pagik,a,,pagik,n,,pagik,n,,,?
guptigut,tv,cond,sp,2,p,1,p,guptigut,n,,kuptigut,a,,kuptigut,n,,ruptigut,fus,,,?
gunitigut,tv,cond,sp,3,p,1,p,gunitigut,n,,kunitigut,a,,kunitigut,n,,runitigut,fus,,,?
paatigut,tv,cond,sp,4,p,1,p,paatigut,i(k),,paatigut,a,,paatigut,n,,paatigut,n,,,?
gupsi,tv,cond,sp,1,p,2,p,gupsi,n,,kupsi,a,,kupsi,n,,rupsi,fus,,,?
gunisi,tv,cond,sp,3,p,2,p,gunisi,n,,kunisi,a,,kunisi,n,,runisi,fus,,,?
paasi,tv,cond,sp,4,p,2,p,paasi,i(k),,paasi,a,,paasi,n,,paasi,n,,,?
guptigit,tv,cond,sp,1,p,3,p,guptigit,n,,kuptigit,a,,kuptigit,n,,ruptigit,fus,,,?
gupsigit,tv,cond,sp,2,p,3,p,gupsigit,n,,kupsigit,a,,kupsigit,n,,rupsigit,fus,,,?
gunigit,tv,cond,sp,3,p,3,p,gunigit,n,,kunigit,a,,kunigit,n,,runigit,fus,,,?
pagit,tv,cond,sp,4,p,3,p,pagit,i(k),,pagit,a,,pagit,n,,pagit,n,,,?
jarma,tv,ger,sp,2,s,1,s,jarma,n,,tarma,n,,tarma,n,,tarma,n,,,?
jaanga,tv,ger,sp,3,s,1,s,jaanga,n,,taanga,n,,taanga,n,,taanga,n,,,?
jagit,tv,ger,sp,1,s,2,s,jagit,n,,tagit,n,,tagit,n,,tagit,n,,,?
jaatit,tv,ger,sp,3,s,2,s,jaatit,n,,taatit,n,,taatit,n,,taatit,n,,,?
jara,tv,ger,sp,1,s,3,s,jara,n,,tara,n,,tara,n,,tara,n,,,?
jait,tv,ger,sp,2,s,3,s,jait,n,,tait,n,,tait,n,,tait,n,,,?
janga,tv,ger,sp,3,s,3,s,janga jaa,n n,,tanga taa,n n,,tanga taa,n n,,tanga taa,n,,,?
jattiguk,tv,ger,sp,2,s,1,d,jattiguk jattikkuk,n n,,tattiguk tattikkuk,n n,,tattiguk tattikkuk,n n,,tattiguk tattikkuk,n n,,,?
jaatiguk,tv,ger,sp,3,s,1,d,jaatiguk jaatikkuk,n n,,taatiguk taatikkuk,n n,,taatiguk taatikkuk,n n,,taatiguk taatikkuk,n n,,,?
jassik,tv,ger,sp,1,s,2,d,jassik,n,,tassik,n,,tassik,n,,tassik,n,,,?
jaasik,tv,ger,sp,3,s,2,d,jaasik jaatik,n n,,taasik taatik,n n,,taasik taatik,n n,,taasik taatik,n n,,,?
jaakka,tv,ger,sp,1,s,3,d,jaakka,n,,taakka,n,,taakka,n,,taakka,n,,,?
jaakkik,tv,ger,sp,2,s,3,d,jaakkik,n,,taakkik,n,,taakkik,n,,taakkik,n,,,?
jaangik,tv,ger,sp,3,s,3,d,jaangik,n,,taangik,n,,taangik,n,,taangik,n,,,?
japtigut,tv,ger,sp,2,s,1,p,japtigut,n,,taptigut,n,,taptigut,n,,taptigut,n,,,?
jaatigut,tv,ger,sp,3,s,1,p,jaatigut,n,,taatigut,n,,taatigut,n,,taatigut,n,,,?
jassi,tv,ger,sp,1,s,2,p,jassi,n,,tassi,n,,tassi,n,,tassi,n,,,?
jaasi,tv,ger,sp,3,s,2,p,jaasi,n,,taasi,n,,taasi,n,,taasi,n,,,?
jakka,tv,ger,sp,1,s,3,p,jakka,n,,takka,n,,takka,n,,takka,n,,,?
jatit,tv,ger,sp,2,s,3,p,jatit,n,,tatit,n,,tatit,n,,tatit,n,,,?
jangit,tv,ger,sp,3,s,3,p,jangit jait,n n,,tangit pait,n n,,tangit tait,n n,,tangit tait,n n,,,?
jaattinga,tv,ger,sp,2,d,1,s,jaattinga,n,,taattinga,n,,taattinga,n,,taattinga,n,,,?
jaanga,tv,ger,sp,3,d,1,s,jaanga,n,,taanga,n,,taanga,n,,taanga,n,,,?
jattigik,tv,ger,sp,1,d,2,s,jattigik,n,,tattigik,n,,tattigik,n,,tattigik,n,,,?
jaatit,tv,ger,sp,3,d,2,s,jaatit,n,,taatit,n,,taatit,n,,taatit,n,,,?
javuk,tv,ger,sp,1,d,3,s,javuk,n,,tavuk,n,,tavuk,n,,tavuk,n,,,?
jasik,tv,ger,sp,2,d,3,s,jasik jatik,n n,,tasik tatik,n n,,tasik tatik,n n,,tasik tatik,n n,,,?
jangak,tv,ger,sp,3,d,3,s,jangak,n,,tangak,n,,tangak,n,,tangak,n,,,?
jaattiguk,tv,ger,sp,2,d,1,d,jaattiguk,n,,taattiguk,n,,taattiguk,n,,taattiguk,n,,,?
jaatiguk,tv,ger,sp,3,d,1,d,jaatiguk,n,,taatiguk,n,,taatiguk,n,,taatiguk,n,,,?
jassik,tv,ger,sp,1,d,2,d,jassik,n,,tassik,n,,tassik,n,,tassik,n,,,?
jaatik,tv,ger,sp,3,d,2,d,jaatik,n,,taatik,n,,taatik,n,,taatik,n,,,?
jaavuk,tv,ger,sp,1,d,3,d,jaavuk,n,,taavuk,n,,taavuk,n,,taavuk,n,,,?
jaassik,tv,ger,sp,2,d,3,d,jaassik jaattik,n n,,taassik taattik,n n,,taassik taattik,n n,,taassik taattik,n n,,,?
jaangik,tv,ger,sp,3,d,3,d,jaangik,n,,taangik,n,,taangik,n,,paangik,n,,,?
jaattigut,tv,ger,sp,2,d,1,p,jaattigut,n,,taattigut,n,,taattigut,n,,taattigut,n,,,?
jaatigut,tv,ger,sp,3,d,1,p,jaatigut,n,,taatigut,n,,taatigut,n,,taatigut,n,,,?
jassi,tv,ger,sp,1,d,2,p,jassi,n,,tassi,n,,tassi,n,,tassi,n,,,?
jaasi,tv,ger,sp,3,d,2,p,jaasi,n,,taasi,n,,taasi,n,,taasi,n,,,?
javuk,tv,ger,sp,1,d,3,p,javuk,n,,tavuk,n,,tavuk,n,,tavuk,n,,,?
jasik,tv,ger,sp,2,d,3,p,jasik jatik,n,,tasik tatik,n n,,tasik tatik,n,,tasik tatik,n n,,,?
jangik,tv,ger,sp,3,d,3,p,jangik,n,,tangik,n,,tangik,n,,tangik,n,,,?
japsinga,tv,ger,sp,2,p,1,s,japsinga,n,,tapsinga,n,,tapsinga,n,,tapsinga,n,,,?
jaanga,tv,ger,sp,3,p,1,s,jaanga,n,,taanga,n,,taanga,n,,taanga,n,,,?
japtigit,tv,ger,sp,1,p,2,s,japtigit,n,,taptigit,n,,taptigit,n,,taptigit,n,,,?
jaatit,tv,ger,sp,3,p,2,s,jaatit,n,,taatit,n,,taatit,n,,taatit,n,,,?
javut,tv,ger,sp,1,p,3,s,javut,n,,tavut,n,,tavut,n,,tavut,n,,,?
jasi,tv,ger,sp,2,p,3,s,jasi,n,,tasi,n,,tasi,n,,tasi,n,,,?
jangat,tv,ger,sp,3,p,3,s,jangat jaat,n n,,tangat taat,n n,,tangat taat,n n,,tangat taat,n n,,,?
jattiguk,tv,ger,sp,2,p,1,d,jattiguk,n,,tattiguk,n,,tattiguk,n,,tattiguk,n,,,?
jaatiguk,tv,ger,sp,3,p,1,d,jaatiguk,n,,taatiguk,n,,taatiguk,n,,taatiguk,n,,,?
jassik,tv,ger,sp,1,p,2,d,jassik,n,,tassik,n,,tassik,n,,tassik,n,,,?
jaasik,tv,ger,sp,3,p,2,d,jaasik jaatik,n n,,taasik taatik,n n,,taasik taatik,n n,,taasik taatik,n n,,,?
jaavut,tv,ger,sp,1,p,3,d,jaavut,n,,taavut,n,,taavut,n,,taavut,n,,,?
jaassi,tv,ger,sp,2,p,3,d,jaassi,n,,taassi,n,,taassi,n,,taassi,n,,,?
jaangik,tv,ger,sp,3,p,3,d,jaangik,n,,taangik,n,,taangik,n,,taangik,n,,,?
japtigut,tv,ger,sp,2,p,1,p,japtigut,n,,taptigut,n,,taptigut,n,,taptigut,n,,,?
jaatigut,tv,ger,sp,3,p,1,p,jaatigut,n,,taatigut,n,,taatigut,n,,taatigut,n,,,?
japsi,tv,ger,sp,1,p,2,p,japsi,n,,tapsi,n,,tapsi,n n,,tapsi,n,,,?
jaasi,tv,ger,sp,3,p,2,p,jaasi,n,,taasi,n,,taasi,n,,taasi,n,,,?
javut,tv,ger,sp,1,p,3,p,javut,n,,tavut,n,,tavut,n,,tavut,n,,,?
jasi,tv,ger,sp,2,p,3,p,jasi,n,,tasi,n,,tasi,n,,tasi,n,,,?
jangit,tv,ger,sp,3,p,3,p,jangit jait,n n,,tangit tait,n n,,tangit tait,n n,,tangit tait,n n,,,?
jaraangama,tv,freq,nsp,1,s,,,jaraangama,n,,taraangama saarangama,n n,,kaangama gaangama,n n,,raangama,fus,,,?
jaraangavit,tv,freq,nsp,2,s,,,jaraangavit,n,,taraangavit saraangavit,n n,,kaangavit gaangavit,n n,,raangavit,fus,,,?
jaraangami,tv,freq,nsp,3,s,,,jaraangami,n,,taraangami saraangami,n n,,kaangami gaangami,n n,,raangami,fus,,,?
jaraangat,tv,freq,nsp,4,s,,,jaraangat,n,,taraangat saraangat,n n,,kaangat gaangat,n n,,raangat,fus,,,?
jaraangannuk,tv,freq,nsp,1,d,,,jaraangannuk,n,,taraangannuk saraangannuk,n n,,kaangannuk gaangannuk,n n,,raangannuk,fus,,,?
jaraangassik,tv,freq,nsp,2,d,,,jaraangassik,n,,taraangassik saraangassik,n n,,kaangassik gaangassik,n n,,raangassik,fus,,,?
jaraangamik,tv,freq,nsp,3,d,,,jaraangamik,n,,taraangamik,n,,kaangamik gaangamik,n n,,raangamik,fus,,,?
jaraangatik,tv,freq,nsp,4,d,,,jaraangatik,n,,taraangatik saraangatik,n n,,kaangatik gaangatik,n n,,raangatik,fus,,,?
jaraangatta,tv,freq,nsp,1,p,,,jaraangatta,n,,taraangatta saraangatta,n n,,kaangatta gaangatta,n n,,raangatta,fus,,,?
jaraangassi,tv,freq,nsp,2,p,,,jaraangassi,n,,taraangassi sarrangassi,n n,,kaangassi gaangassi,n n,,raangassi,fus,,,?
jaraangamik,tv,freq,nsp,3,p,,,jaraangamik,n,,taraangamik sarrangamik,n n,,kaangamik gaangamik,n n,,raangamik,fus,,,?
jaraangata,tv,freq,nsp,4,p,,,jaraangata,n,,taraangata saraangata,n n,,kaangata gaangata,n n,,raangata,fus,,,?
jaraangavinga,tv,freq,sp,2,s,1,s,jaraangavinga jaraangangma,n n,,taraangavinga taraangangma saraangavinga saraangangma,n n n n,,kaangavinga kaangangma gaangavinga gaangangma,n n n n,,raangavinga raangangma,fus fus,,,?
jaraangaminga,tv,freq,sp,3,s,1,s,jaraangaminga,n,,taraangaminga saraangaminga,n n,,kaangaminga gaangaminga,n n,,raangaminga,fus,,,?
jaraangaanga,tv,freq,sp,4,s,1,s,jaraangaanga,n,,taraangaanga saraangaanga,n n,,kaangaanga,n,,raangaanga,fus,,,?
jaraangapkit,tv,freq,sp,1,s,2,s,jaraangapkit,n,,taraangapkit saraangapkit,n n,,kaangapkit gaangapkit,n n,,raangapkit,fus,,,?
jaraangamitit,tv,freq,sp,3,s,2,s,jaraangamitit,n,,taraangamitit saraangamitit,n n,,kaangamitit gaangamitit,n n,,raangamitit,fus,,,?
jaraangaatit,tv,freq,sp,4,s,2,s,jaraangaatit,n,,taraangaatit saraangaatit,n n,,kaangaatit gaangaatit,n n,,raangaatit,fus,,,?
jaraangapku,tv,freq,sp,1,s,3,s,jaraangapku,n,,taraangapku saraangapku,n n,,kaangapku gaangapku,n n,,raangapku,fus,,,?
jaraangaviuk,tv,freq,sp,2,s,3,s,jaraangaviuk jaraangangni,n n,,taraangaviuk saraangaviuk taraangangni saraangangni,n n n n,,kaangaviuk gaangaviuk kaangangni gaangangni,n n n n,,raangaviuk raangangni,fus fus,,,?
jaraangamiuk,tv,freq,sp,3,s,3,s,jaraangamiuk,n,,taraangamiuk saraangamiuk,n n,,kaangamiuk gaangamiuk,n n,,raangamiuk,fus,,,?
jaraangagu,tv,freq,sp,4,s,3,s,jaraangagu,n,,taraangagu saraangagu,n n,,kaangagu gaangagu,n n,,raangagu,fus,,,?
jaraangaptiguk,tv,freq,sp,2,s,1,d,jaraangaptiguk,n,,taraangaptiguk saraangaptiguk,n n,,kaangaptiguk gaangaptiguk,n n,,raangaptiguk,fus,,,?
jaraangamitiguk,tv,freq,sp,3,s,1,d,jaraangamitiguk,n,,taraangamitiguk saraangamitiguk,n n,,kaangamitiguk gaangamitiguk,n n,,raangamitiguk,fus,,,?
jaraangaatiguk,tv,freq,sp,4,s,1,d,jaraangaatiguk,n,,taraangaatiguk saraangaatiguk,n n,,kaangaatiguk gaangaatiguk,n n,,raangaatiguk,fus,,,?
jaraangassik,tv,freq,sp,1,s,2,d,jaraangassik jaraangattik,n n,,taraangassik saraangassik taraangattik saraangattik,n n n n,,kaangassik gaangassik kaangattik gaangattik,n n n n,,raangassik raangattik,fus fus,,,?
jaraangamitik,tv,freq,sp,3,s,2,d,jaraangamitik,n,,taraangamitik saraangamitik,n n,,kaangamitik gaangamitik,n n,,raangamitik,fus,,,?
jaraangaatik,tv,freq,sp,4,s,2,d,jaraangaatik,n,,taraangaatik saraangaatik,n n,,kaangaatik gaangaatik,n n,,raangaatik,fus,,,?
jaraangakkik,tv,freq,sp,1,s,3,d,jaraangakkik,n,,taraangakkik saraangakkik,n n,,kaangakkik gaangakkik,n n,,raangakkik,fus,,,?
jaraangavigik,tv,freq,sp,2,s,3,d,jaraangavigik jaraangangni,n n,,taraangavigik saraangavigik taraangangni saraangangni,n n n n,,kaangavigik gaangavigik gaangangni gaangangni,n n n n,,raangavigik raangangni,fus fus,,,?
jaraangamigik,tv,freq,sp,3,s,3,d,jaraangamigik,n,,taraangamigik saraangamigik,n n,,kaangamigik gaangamigik,n n,,raangamigik,fus,,,?
jaraangagik,tv,freq,sp,4,s,3,d,jaraangagik,n,,taraangagik saraangagik,n n,,kaangagik gaangagik,n n,,raangagik,fus,,,?
jaraangaptigut,tv,freq,sp,2,s,1,p,jaraangaptigut,n,,taraangaptigut saraangaptigut,n n,,kaangaptigut gaangaptigut,n n,,raangaptigut,fus,,,?
jaraangamitigut,tv,freq,sp,3,s,1,p,jaraangamitigut,n,,taraangamitigut saraangamitigut,n n,,kaangamitigut gaangamitigut,n n,,raangamitigut,fus,,,?
jaraangaatigut,tv,freq,sp,4,s,1,p,jaraangaatigut,n,,taraangaatigut saraangaatigut,n n,,kaangaatigut gaangaatigut,n n,,raangaatigut,fus,,,?
jaraangapsi,tv,freq,sp,1,s,2,p,jaraangapsi,n,,taraangapsi saraangapsi,n n,,kaangapsi gaangapsi,n n,,raangapsi,fus,,,?
jaraangamisi,tv,freq,sp,3,s,2,p,jaraangamisi,n,,taraangamisi saraangamisi,n n,,kaangamisi gaangamisi,n n,,raangamisi,fus,,,?
jaraangaasi,tv,freq,sp,4,s,2,p,jaraangaasi,n,,taraangaasi saraangaasi,n n,,kaangaasi gaangaasi,n n,,raangaasi,fus,,,?
jaraangapkit,tv,freq,sp,1,s,3,p,jaraangapkit,n,,taraangapkit saraangapkit,n n,,kaangapkit gaangapkit,n n,,raangapkit,fus,,,?
jaraangavigit,tv,freq,sp,2,s,3,p,jaraangavigit jaraangangni,n n,,taraangavigit saraangavigit taraangangni saraangangni,n n n n,,kaangavigit gaangavigit kaangangni gaangangni,n n n n,,raangavigit raangangni,fus fus,,,?
jaraangamigit,tv,freq,sp,3,s,3,p,jaraangamigit,n,,taraangamigit saraangamigit,n n,,kaangamigit gaangamigit,n n,,raangamigit,fus,,,?
jaraangagit,tv,freq,sp,4,s,3,p,jaraangagit,n,,taraangagit saraangagit,n n,,kaangagit gaangagit,n n,,raangagit,fus,,,?
jaraangattinga,tv,freq,sp,2,d,1,s,jaraangattinga,n,,taraangattinga saraangattinga,n n,,kaangattinga gaangattinga,n n,,raangattinga,fus,,,?
jaraangaminga,tv,freq,sp,3,d,1,s,jaraangaminga,n,,taraangaminga saraangaminga,n n,,kaangaminga gaangaminga,n n,,raangaminga,fus,,,?
jaraangaanga,tv,freq,sp,4,d,1,s,jaraangaanga,n,,taraangaanga saraangaanga,n n,,kaangaanga gaangaanga,n n,,raangaanga,fus,,,?
jaraangaptigit,tv,freq,sp,1,d,2,s,jaraangaptigit,n,,taraangaptigit saraangaptigit,n n,,kaangaptigit gaangaptigit,n n,,raangaptigit,fus,,,?
jaraangamitit,tv,freq,sp,3,d,2,s,jaraangamitit,n,,taraangamitit saraangamitit,n n,,kaangamitit gaangamitit,n n,,raangamitit,fus,,,?
jaraangaatit,tv,freq,sp,4,d,2,s,jaraangaatit,n,,taraangaatit saraangaatit,n n,,kaangaatit gaangaatit,n n,,raangaatit,fus,,,?
jaraangaptigu,tv,freq,sp,1,d,3,s,jaraangaptigu,n,,taraangaptigu saraangaptigu,n n,,kaangaptigu gaangaptigu,n n,,raangaptigu,fus,,,?
jaraangattiku,tv,freq,sp,2,d,3,s,jaraangattiku,n,,taraangattiku saraangattiku,n n,,kaangattiku gaangattiku,n n,,raangattiku,fus,,,?
jaraangamikku,tv,freq,sp,3,d,3,s,jaraangamikku,n,,taraangamikku saraangamikku,n n,,kaangamikku gaangamikku,n n,,raangamikku,fus,,,?
jaraangakku,tv,freq,sp,4,d,3,s,jaraangakku,n,,taraangakku saraangakku,n n,,kaangakku gaangakku,n n,,raangakku,fus,,,?
jaraangattiguk,tv,freq,sp,2,d,1,d,jaraangattiguk,n,,taraangattiguk saraangattiguk,n n,,kaangattiguk gaangattiguk,n n,,raangattiguk,fus,,,?
jaraangamitiguk,tv,freq,sp,3,d,1,d,jaraangamitiguk,n,,taraangamitiguk saraangamitiguk,n n,,kaangamitiguk gaangamitiguk,n n,,raangamitiguk,fus,,,?
jaraangaatiguk,tv,freq,sp,4,d,1,d,jaraangaatiguk,n,,taraangaatiguk saraangaatiguk,n n,,kaangaatiguk gaangaatiguk,n n,,raangaatiguk,fus,,,?
jaraangassik,tv,freq,sp,1,d,2,d,jaraangassik jaraangattik,n n,,taraangassik saraangassik taraangattik saraangattik,n n n n,,kaangasiik gaangassik kaangattik gaangattik,n n n n,,raangassik raangattik,fus fus,,,?
jaraangamitik,tv,freq,sp,3,d,2,d,jaraangamitik,n,,taraangamitik saraangamitik,n n,,kaangamitik gaangamitik,n n,,raangamitik,fus,,,?
jaraangaatik,tv,freq,sp,4,d,2,d,jaraangaatik,n,,taraangaatik saraangaatik,n n,,kaangaatik gaangaatik,n n,,raangaatik,fus,,,?
jaraangaptigik,tv,freq,sp,1,d,3,d,jaraangaptigik,n,,taraangaptigik saraangaptigik,n n,,kaangaptigik gaangaptigik,n n,,raangaptigik,fus,,,?
jaraangattikik,tv,freq,sp,2,d,3,d,jaraangattikik,n,,taraangattikik saraangattikik,n n,,kaangattikik gaangattikik,n n,,raangattikik,fus,,,?
jaraangamikkik,tv,freq,sp,3,d,3,d,jaraangamikkik,n,,taraangamikkik saraangamikkik,n n,,kaangamikkik gaangamikkik,n n,,raangamikkik,fus,,,?
jaraangakkik,tv,freq,sp,4,d,3,d,jaraangakkik,n,,taraangakkik saraangakkik,n n,,kaangakkik gaangakkik,n n,,raangakkik,fus,,,?
jaraangattigut,tv,freq,sp,2,d,1,p,jaraangattigut,n,,taraangattigut saraangattigut,n n,,kaangattigut gaangattigut,n n,,raangattigut,fus,,,?
jaraangamitigut,tv,freq,sp,3,d,1,p,jaraangamitigut,n,,taraangamitigut saraangamitigut,n n,,kaangamitigut gaangamitigut,n n,,raangamitigut,fus,,,?
jaraangaatigut,tv,freq,sp,4,d,1,p,jaraangaatigut,n,,taraangaatigut saraangaatigut,n n,,kaangaatigut gaangaatigut,n n,,raangaatigut,fus,,,?
jaraangapsi,tv,freq,sp,1,d,2,p,jaraangapsi,n,,taraangapsi saraangapsi,n n,,kaangapsi gaangapsi,n n,,raangapsi,fus,,,?
jaraangamisi,tv,freq,sp,3,d,2,p,jaraangamisi,n,,taraangamisi saraangamisi,n n,,kaangamisi gaangamisi,n n,,raangamisi,fus,,,?
jaraangaasi,tv,freq,sp,4,d,2,p,jaraangaasi,n,,taraangaasi saraangaasi,n n,,kaangaasi gaangaasi,n n,,raangaasi,fus,,,?
jaraangaptigit,tv,freq,sp,1,d,3,p,jaraangaptigit,n,,taraangaptigit saraangaptigit,n n,,kaangaptigit gaangaptigit,n n,,raangaptigit,fus,,,?
jaraangattikit,tv,freq,sp,2,d,3,p,jaraangattikit,n,,taraangattikit saraangattikit,n n,,kaangattikit gaangattikit,n n,,raangattikit,fus,,,?
jaraangamikkit,tv,freq,sp,3,d,3,p,jaraangamikkit,n,,taraangamikkit saraangamikkit,n n,,kaangamikkit gaangamikkit,n n,,raangamikkit,fus,,,?
jaraangakkit,tv,freq,sp,4,d,3,p,jaraangakkit,n,,taraangakkit saraangakkit,n n,,kaangakkit gaangakkit,n n,,raangakkit,fus,,,?
jaraangapsinga,tv,freq,sp,2,p,1,s,jaraangapsinga,n,,taraangapsinga saraangapsinga,n n,,kaangapsinga gaangapsinga,n n,,raangapsinga,fus,,,?
jaraangaminga,tv,freq,sp,3,p,1,s,jaraangaminga,n,,taraangaminga saraangaminga,n n,,kaangaminga gaangaminga,n n,,raangaminga,fus,,,?
jaraangaanga,tv,freq,sp,4,p,1,s,jaraangaanga,n,,taraangaanga saraangaanga,n n,,kaangaanga gaangaanga,n n,,raangaanga,fus,,,?
jaraangaptigit,tv,freq,sp,1,p,2,s,jaraangaptigit,n,,taraangaptigit saraangaptigit,n n,,kaangaptigit gaangaptigit,n n,,raangaptigit,fus,,,?
jaraangamitit,tv,freq,sp,3,p,2,s,jaraangamitit,n,,taraangamitit saraangamitit,n n,,kaangamitit gaangamitit,n n,,raangamitit,fus,,,?
jaraangaatit,tv,freq,sp,4,p,2,s,jaraangaatit,n,,taraangaatit saraangaatit,n n,,kaangaatit gaangaatit,n n,,raangaatit,fus,,,?
jaraangaptigu,tv,freq,sp,1,p,3,s,jaraangaptigu,n,,taraangaptigu saraangaptigu,n n,,kaangaptigu gaangaptigu,n n,,raangaptigu,fus,,,?
jaraangapsiuk,tv,freq,sp,2,p,3,s,jaraangapsiuk,n,,taraangapsiuk saraangapsiuk,n n,,kaangapsiuk gaangapsiuk,n n ,,raangapsiuk,fus,,,?
jaraangamijjuk,tv,freq,sp,3,p,3,s,jaraangamijjuk jaraangamiku,n n,,taraangamijjuk saraangamijjuk taraangamiku saraangamiku,n n n n,,kaangamijjuk gaangamijjuk kaangamiku gaangamiku,n n n n,,raangamijjuk raangamiku,fus fus,,,?
jaraangajjuk,tv,freq,sp,4,p,3,s,jaraangajjuk,n,,taraangajjuk saraangajjuk,n n,,kaangajjuk gaangajjuk,n n,,raangajjuk,fus,,,?
jaraangaptiguk,tv,freq,sp,2,p,1,d,jaraangaptiguk,n,,taraangaptiguk saraangaptiguk,n n,,kaangaptiguk gaangaptiguk,n n,,raangaptiguk,fus,,,?
jaraangamitiguk,tv,freq,sp,3,p,1,d,jaraangamitiguk,n,,taraangamitiguk saraangamitiguk,n n,,kaangamitiguk gaangamitiguk,n n,,raangamitiguk,fus,,,?
jaraangaatiguk,tv,freq,sp,4,p,1,d,jaraangaatiguk,n,,taraangaatiguk saraangaatiguk,n n,,kaangaatiguk gaangaatiguk,n n,,raangaatiguk,fus,,,?
jaraangassik,tv,freq,sp,1,p,2,d,jaraangassik jaraangattik,n n,,taraangassik saraangassik taraangattik saraangattik,n n n n,,kaangassik gaangassik kaangattik gaangattik,n n n n,,raangassik raangattik,fus fus,,,?
jaraangamitik,tv,freq,sp,3,p,2,d,jaraangamitik,n,,taraangamitik saraangamitik,n n,,kaangamitik gaangamitik,n n,,raangamitik,fus,,,?
jaraangaatik,tv,freq,sp,4,p,2,d,jaraangaatik,n,,taraangaatik saraangaatik,n n,,kaangaatik gaangaatik,n n,,raangaatik,fus,,,?
jaraangaptigik,tv,freq,sp,1,p,3,d,jaraangaptigik,n,,taraangaptigik saraangaptigik,n n,,kaangaptigik gaangaptigik,n n,,raangaptigik,fus,,,?
jaraangapsigik,tv,freq,sp,2,p,3,d,jaraangapsigik,n,,taraangapsigik saraangapsigik,n n,,kaangapsigik gaangapsigik,n n,,raangapsigik,fus,,,?
jaraangamigik,tv,freq,sp,3,p,3,d,jaraangamigik,n,,taraangamigik saraangamigik,n n,,kaangamigik gaangamigik,n n,,raangamigik,fus,,,?
jaraangagik,tv,freq,sp,4,p,3,d,jaraangagik,n,,taraangagik saraangagik,n n,,kaangagik gaangagik,n n,,raangagik,fus,,,?
jaraangaptigut,tv,freq,sp,2,p,1,p,jaraangaptigut,n,,taraangaptigut saraangaptigut,n n,,kaangaptigut gaangaptigut,n n,,raangaptigut,fus,,,?
jaraangamitigut,tv,freq,sp,3,p,1,p,jaraangamitigut,n,,taraangamitigut saraangamitigut,n n,,kaangamitigut gaangamitigut,n n,,raangamitigut,fus,,,?
jaraangaatigut,tv,freq,sp,4,p,1,p,jaraangaatigut,n,,taraangaatigut saraangaatigut,n n,,kaangaatigut gaangaatigut,n n,,raangaatigut,fus,,,?
jaraangapsi,tv,freq,sp,1,p,2,p,jaraangapsi,n,,taraangapsi saraangapsi,n n,,kaangapsi gaangapsi,n n,,raangapsi,fus,,,?
jaraangamisi,tv,freq,sp,3,p,2,p,jaraangamisi,n,,taraangamisi saraangamisi,n n,,kaangamisi gaangamisi,n n,,raangamisi,fus,,,?
jaraangaasi,tv,freq,sp,4,p,2,p,jaraangaasi,n,,taraangaasi saraangaasi,n n,,kaangaasi gaangaasi,n n,,raangaasi,fus,,,?
jaraangaptigit,tv,freq,sp,1,p,3,p,jaraangaptigit,n,,taraangaptigit saraangaptigit,n n,,kaangaptigit gaangaptigit,n n,,raangaptigit,fus,,,?
jaraangapsigit,tv,freq,sp,2,p,3,p,jaraangapsigit,n,,taraangapsigit saraangapsigit,n n,,kaangapsigit gaangapsigit,n n,,raangapsigit,fus,,,?
jaraangamigit,tv,freq,sp,3,p,3,p,jaraangamigit,n,,taraangamigit saraangamigit,n n,,kaangamigit gaangamigit,n n,,raangamigit,fus,,,?
jaraangagit,tv,freq,sp,4,p,3,p,jaraangagit,n,,taraangagit saraangagit,n n,,kaangagit gaangagit,n n,,raangagit,fus,,,?
mangaarma,tv,dub,nsp,1,s,,,mangaarma,i(ng),,mangaarma,a,,mangaarma,nas,,mangaarma,nas,,,?
mangaaqpit,tv,dub,nsp,2,s,,,mangaaqpit,i(ng),,mangaaqpit,a,,mangaaqpit,nas,,mangaaqpit,nas,,,?
mangaarmi,tv,dub,nsp,3,s,,,mangaarmi,i(ng),,mangaarmi,a,,mangaarmi,nas,,mangaarmi,nas,,,?
mangaat,tv,dub,nsp,4,s,,,mangaat mangaaq,i(ng) i(ng),,mangaat mangaaq,a a,,mangaat mangaaq,nas nas,,mangaat mangaaq,nas nas,,,?
mangaannuk,tv,dub,nsp,1,d,,,mangaannuk,i(ng),,mangaannuk,a,,mangaannuk,nas,,mangaannuk,nas,,,?
mangaassik,tv,dub,nsp,2,d,,,mangaassik,i(ng),,mangaassik,a,,mangaassik,nas,,mangaassik,nas,,,?
mangaarmik,tv,dub,nsp,3,d,,,mangaarmik,i(ng),,mangaarmik,a,,mangaarmik,nas,,mangaarmik,nas,,,?
mangaatik,tv,dub,nsp,4,d,,,mangaatik,i(ng),,mangaatik,a,,mangaatik,nas,,mangaatik,nas,,,?
mangaatta,tv,dub,nsp,1,p,,,mangaatta,i(ng),,mangaatta,a,,mangaatta,nas,,mangaatta,nas,,,?
mangaassi,tv,dub,nsp,2,p,,,mangaassi,i(ng),,mangaassi,a,,mangaassi,nas,,mangaassi,nas,,,?
mangaarmik,tv,dub,nsp,3,p,,,mangaarmik,i(ng),,mangaarmik,a,,mangaarmik,nas,,mangaarmik,nas,,,?
mangaata,tv,dub,nsp,4,p,,,mangaata,i(ng),,mangaata,a,,mangaata,nas,,mangaata,nas,,,?
mangaaqpinga,tv,dub,sp,2,s,1,s,mangaaqpinga mangaarma,i(ng) i(ng),,mangaaqpinga mangaarma,a a,,mangaaqpinga mangaarma,nas nas,,mangaaqpinga mangaarma,nas nas,,,?
mangaarminga,tv,dub,sp,3,s,1,s,mangaarminga,i(ng),,mangaarminga,a,,mangaarminga,nas,,mangaarminga,nas,,,?
mangaanga,tv,dub,sp,4,s,1,s,mangaanga,i(ng),,mangaanga,a,,mangaanga,nas,,mangaanga,nas,,,?
mangaakkit,tv,dub,sp,1,s,2,s,mangaakkit,i(ng),,mangaakkit,a,,mangaakkit,nas,,mangaakkit,nas,,,?
mangaarmitit,tv,dub,sp,3,s,2,s,mangaarmitit,i(ng),,mangaarmitit,a,,mangaarmitit,nas,,mangaarmitit,nas,,,?
mangaatit,tv,dub,sp,4,s,2,s,mangaatit,i(ng),,mangaatit,a,,mangaatit,nas,,mangaatit,nas,,,?
mangaakku,tv,dub,sp,1,s,3,s,mangaakku,i(ng),,mangaakku,a,,mangaakku,nas,,mangaakku,nas,,,?
mangaaqpiuk,tv,dub,sp,2,s,3,s,mangaaqpiuk mangaarni,i(ng) i(ng),,mangaaqpiuk mangaarni,a a,,mangaaqpiuk mangaarni,nas nas,,mangaaqpiuk mangaarni,nas nas,,,?
mangaarmiuk,tv,dub,sp,3,s,3,s,mangaarmiuk,i(ng),,mangaarmiuk,a,,mangaarmiuk,nas,,mangaarmiuk,nas,,,?
mangaagu,tv,dub,sp,4,s,3,s,mangaagu,i(ng),,mangaagu,a,,mangaagu,nas,,mangaagu,nas,,,?
mangaattiguk,tv,dub,sp,2,s,1,d,mangaattiguk,i(ng),,mangaattiguk,a,,mangaattiguk,nas,,mangaattiguk,nas,,,?
mangaarmitiguk,tv,dub,sp,3,s,1,d,mangaarmitiguk,i(ng),,mangaarmitiguk,a,,mangaarmitiguk,nas,,mangaarmitiguk,nas,,,?
mangaatiguk,tv,dub,sp,4,s,1,d,mangaatiguk,i(ng),,mangaatiguk,a,,mangaatiguk,nas,,mangaatiguk,nas,,,?
mangaassik,tv,dub,sp,1,s,2,d,mangaassik,i(ng),,mangaassik,a,,mangaassik,nas,,mangaassik,nas,,,?
mangaarmitik,tv,dub,sp,3,s,2,d,mangaarmitik,i(ng),,mangaarmitik,a,,mangaarmitik,nas,,mangaarmitik,nas,,,?
mangaatik,tv,dub,sp,4,s,2,d,mangaatik,i(ng),,mangaatik,a,,mangaatik,nas,,mangaatik,nas,,,?
mangaakkik,tv,dub,sp,1,s,3,d,mangaakkik,i(ng),,mangaakkik,a,,mangaakkik,nas,,mangaakkik,nas,,,?
mangaaqpigik,tv,dub,sp,2,s,3,d,mangaaqpigik mangaarni,i(ng) i(ng),,mangaaqpigik mangaarni,a a,,mangaaqpigik mangaarni,nas nas,,mangaaqpigik mangaarni,nas nas,,,?
mangaarmigik,tv,dub,sp,3,s,3,d,mangaarmigik,i(ng),,mangaarmigik,a,,mangaarmigik,nas,,mangaarmigik,nas,,,?
mangaagik,tv,dub,sp,4,s,3,d,mangaagik,i(ng),,mangaagik,a,,mangaagik,nas,,mangaagik,nas,,,?
mangaattigut,tv,dub,sp,2,s,1,p,mangaattigut,i(ng),,mangaattigut,a,,mangaattigut,nas,,mangaattigut,nas,,,?
mangaarmitigut,tv,dub,sp,3,s,1,p,mangaarmitigut,i(ng),,mangaarmitigut,a,,mangaarmitigut,nas,,mangaarmitigut,nas,,,?
mangaatigut,tv,dub,sp,4,s,1,p,mangaatigut,i(ng),,mangaatigut,a,,mangaatigut,nas,,mangaatigut,nas,,,?
mangaassi,tv,dub,sp,1,s,2,p,mangaassi,i(ng),,mangaassi,a,,mangaassi,nas,,mangaassi,nas,,,?
mangaarmisi,tv,dub,sp,3,s,2,p,mangaarmisi,i(ng),,mangaarmisi,a,,mangaarmisi,nas,,mangaarmisi,nas,,,?
mangaasi,tv,dub,sp,4,s,2,p,mangaasi,i(ng),,mangaasi,a,,mangaasi,nas,,mangaasi,nas,,,?
mangaakkit,tv,dub,sp,1,s,3,p,mangaakkit,i(ng),,mangaakkit,a,,mangaakkit,nas,,mangaakkit,nas,,,?
mangaaqpigit,tv,dub,sp,2,s,3,p,mangaaqpigit mangaarni,i(ng) i(ng),,mangaaqpigit mangaarni,a a,,mangaaqpigit mangaarni,nas nas,,mangaaqpigit mangaarni,nas nas,,,?
mangaarmigit,tv,dub,sp,3,s,3,p,mangaarmigit,i(ng),,mangaarmigit,a,,mangaarmigit,nas,,mangaarmigit,nas,,,?
mangaagit,tv,dub,sp,4,s,3,p,mangaagit,i(ng),,mangaagit,a,,mangaagit,nas,,mangaagit,nas,,,?
mangaattinga,tv,dub,sp,2,d,1,s,mangaattinga,i(ng),,mangaattinga,a,,mangaattinga,nas,,mangaattinga,nas,,,?
mangaarminga,tv,dub,sp,3,d,1,s,mangaarminga,i(ng),,mangaarminga,a,,mangaarminga,nas,,mangaarminga,nas,,,?
mangaanga,tv,dub,sp,4,d,1,s,mangaanga,i(ng),,mangaanga,a,,mangaanga,nas,,mangaanga,nas,,,?
mangaattigit,tv,dub,sp,1,d,2,s,mangaattigit,i(ng),,mangaattigit,a,,mangaattigit,nas,,mangaattigit,nas,,,?
mangaarmitit,tv,dub,sp,3,d,2,s,mangaarmitit,i(ng),,mangaarmitit,a,,mangaarmitit,nas,,mangaarmitit,nas,,,?
mangaatit,tv,dub,sp,4,d,2,s,mangaatit,i(ng),,mangaatit,a,,mangaatit,nas,,mangaatit,nas,,,?
mangaattigu,tv,dub,sp,1,d,3,s,mangaattigu,i(ng),,mangaattigu,a,,mangaattigu,nas,,mangaattigu,nas,,,?
mangaattiku,tv,dub,sp,2,d,3,s,mangaattiku,i(ng),,mangaattiku,a,,mangaattiku,nas,,mangaattiku,nas,,,?
mangaarmikku,tv,dub,sp,3,d,3,s,mangaarmikku,i(ng),,mangaarmikku,a,,mangaarmikku,nas,,mangaarmikku,nas,,,?
mangaakku,tv,dub,sp,4,d,3,s,mangaakku,i(ng),,mangaakku,a,,mangaakku,nas,,mangaakku,nas,,,?
mangaattiguk,tv,dub,sp,2,d,1,d,mangaattiguk,i(ng),,mangaattiguk,a,,mangaattiguk,nas,,mangaattiguk,nas,,,?
mangaarmitiguk,tv,dub,sp,3,d,1,d,mangaarmitiguk,i(ng),,mangaarmitiguk,a,,mangaarmitiguk,nas,,mangaarmitiguk,nas,,,?
mangaatiguk,tv,dub,sp,4,d,1,d,mangaatiguk,i(ng),,mangaatiguk,a,,mangaatiguk,nas,,mangaatiguk,nas,,,?
mangaassik,tv,dub,sp,1,d,2,d,mangaassik,i(ng),,mangaassik,a,,mangaassik,nas,,mangaassik,nas,,,?
mangaarmitik,tv,dub,sp,3,d,2,d,mangaarmitik,i(ng),,mangaarmitik,a,,mangaarmitik,nas,,mangaarmitik,nas,,,?
mangaatik,tv,dub,sp,4,d,2,d,mangaatik,i(ng),,mangaatik,a,,mangaatik,nas,,mangaatik,nas,,,?
mangaattigik,tv,dub,sp,1,d,3,d,mangaattigik,i(ng),,mangaattigik,a,,mangaattigik,nas,,mangaattigik,nas,,,?
mangaattikik,tv,dub,sp,2,d,3,d,mangaattikik,i(ng),,mangaattikik,a,,mangaattikik,nas,,mangaattikik,nas,,,?
mangaarmikkik,tv,dub,sp,3,d,3,d,mangaarmikkik,i(ng),,mangaarmikkik,a,,mangaarmikkik,nas,,mangaarmikkik,nas,,,?
mangaakkik,tv,dub,sp,4,d,3,d,mangaakkik,i(ng),,mangaakkik,a,,mangaakkik,nas,,mangaakkik,nas,,,?
mangaattigut,tv,dub,sp,2,d,1,p,mangaattigut,i(ng),,mangaattigut,a,,mangaattigut,nas,,mangaattigut,nas,,,?
mangaarmitigut,tv,dub,sp,3,d,1,p,mangaarmitigut,i(ng),,mangaarmitigut,a,,mangaarmitigut,nas,,mangaarmitigut,nas,,,?
mangaatigut,tv,dub,sp,4,d,1,p,mangaatigut,i(ng),,mangaatigut,a,,mangaatigut,nas,,mangaatigut,nas,,,?
mangaassi,tv,dub,sp,1,d,2,p,mangaassi,i(ng),,mangaassi,a,,mangaassi,nas,,mangaassi,nas,,,?
mangaarmisi,tv,dub,sp,3,d,2,p,mangaarmisi,i(ng),,mangaarmisi,a,,mangaarmisi,nas,,mangaarmisi,nas,,,?
mangaasi,tv,dub,sp,4,d,2,p,mangaasi,i(ng),,mangaasi,a,,mangaasi,nas,,mangaasi,nas,,,?
mangaattigit,tv,dub,sp,1,d,3,p,mangaattigit,i(ng),,mangaattigit,a,,mangaattigit,nas,,mangaattigit,nas,,,?
mangaattikit,tv,dub,sp,2,d,3,p,mangaattikit,i(ng),,mangaattikit,a,,mangaattikit,nas,,mangaattikit,nas,,,?
mangaarmikkit,tv,dub,sp,3,d,3,p,mangaarmikkit,i(ng),,mangaarmikkit,a,,mangaarmikkit,nas,,mangaarmikkit,nas,,,?
mangaakkit,tv,dub,sp,4,d,3,p,mangaakkit,i(ng),,mangaakkit,a,,mangaakkit,nas,,mangaakkit,nas,,,?
mangaassinga,tv,dub,sp,2,p,1,s,mangaassinga,i(ng),,mangaassinga,a,,mangaassinga,nas,,mangaassinga,nas,,,?
mangaarminga,tv,dub,sp,3,p,1,s,mangaarminga,i(ng),,mangaarminga,a,,mangaarminga,nas,,mangaarminga,nas,,,?
mangaanga,tv,dub,sp,4,p,1,s,mangaanga,i(ng),,mangaanga,a,,mangaanga,nas,,mangaanga,nas,,,?
mangaattigit,tv,dub,sp,1,p,2,s,mangaattigit,i(ng),,mangaattigit,a,,mangaattigit,nas,,mangaattigit,nas,,,?
mangaarmitit,tv,dub,sp,3,p,2,s,mangaarmitit,i(ng),,mangaarmitit,a,,mangaarmitit,nas,,mangaarmitit,nas,,,?
mangaatit,tv,dub,sp,4,p,2,s,mangaatit,i(ng),,mangaatit,a,,mangaatit,nas,,mangaatit,nas,,,?
mangaattigu,tv,dub,sp,1,p,3,s,mangaattigu,i(ng),,mangaattigu,a,,mangaattigu,nas,,mangaattigu,nas,,,?
mangaassiuk,tv,dub,sp,2,p,3,s,mangaassiuk,i(ng),,mangaassiuk,a,,mangaassiuk,nas,,mangaassiuk,nas,,,?
mangaarmijjuk,tv,dub,sp,3,p,3,s,mangaarmijjuk,i(ng),,mangaarmijjuk,a,,mangaarmijjuk,nas,,mangaarmijjuk,nas,,,?
mangaajjuk,tv,dub,sp,4,p,3,s,mangaajjuk,i(ng),,mangaajjuk,a,,mangaajjuk,nas,,mangaajjuk,nas,,,?
mangaattiguk,tv,dub,sp,2,p,1,d,mangaattiguk,i(ng),,mangaattiguk,a,,mangaattiguk,nas,,mangaattiguk,nas,,,?
mangaarmitiguk,tv,dub,sp,3,p,1,d,mangaarmitiguk,i(ng),,mangaarmitiguk,a,,mangaarmitiguk,nas,,mangaarmitiguk,nas,,,?
mangaatiguk,tv,dub,sp,4,p,1,d,mangaatiguk,i(ng),,mangaatiguk,a,,mangaatiguk,nas,,mangaatiguk,nas,,,?
mangaassik,tv,dub,sp,1,p,2,d,mangaassik,i(ng),,mangaassik,a,,mangaassik,nas,,mangaassik,nas,,,?
mangaarmitik,tv,dub,sp,3,p,2,d,mangaarmitik,i(ng),,mangaarmitik,a,,mangaarmitik,nas,,mangaarmitik,nas,,,?
mangaatik,tv,dub,sp,4,p,2,d,mangaatik,i(ng),,mangaatik,a,,mangaatik,nas,,mangaatik,nas,,,?
mangaattigik,tv,dub,sp,1,p,3,d,mangaattigik,i(ng),,mangaattigik,a,,mangaattigik,nas,,mangaattigik,nas,,,?
mangaassigik,tv,dub,sp,2,p,3,d,mangaassigik,i(ng),,mangaassigik,a,,mangaassigik,nas,,mangaassigik,nas,,,?
mangaarmigik,tv,dub,sp,3,p,3,d,mangaarmigik,i(ng),,mangaarmigik,a,,mangaarmigik,nas,,mangaarmigik,nas,,,?
mangaagik,tv,dub,sp,4,p,3,d,mangaagik,i(ng),,mangaagik,a,,mangaagik,nas,,mangaagik,nas,,,?
mangaattigut,tv,dub,sp,2,p,1,p,mangaattigut,i(ng),,mangaattigut,a,,mangaattigut,nas,,mangaattigut,nas,,,?
mangaarmitigut,tv,dub,sp,3,p,1,p,mangaarmitigut,i(ng),,mangaarmitigut,a,,mangaarmitigut,nas,,mangaarmitigut,nas,,,?
mangaatigut,tv,dub,sp,4,p,1,p,mangaatigut,i(ng),,mangaatigut,a,,mangaatigut,nas,,mangaatigut,nas,,,?
mangaassi,tv,dub,sp,1,p,2,p,mangaassi,i(ng),,mangaassi,a,,mangaassi,nas,,mangaassi,nas,,,?
mangaarmisi,tv,dub,sp,3,p,2,p,mangaarmisi,i(ng),,mangaarmisi,a,,mangaarmisi,nas,,mangaarmisi,nas,,,?
mangaasi,tv,dub,sp,4,p,2,p,mangaasi,i(ng),,mangaasi,a,,mangaasi,nas,,mangaasi,nas,,,?
mangaattigit,tv,dub,sp,1,p,3,p,mangaattigit,i(ng),,mangaattigit,a,,mangaattigit,nas,,mangaattigit,nas,,,?
mangaassigit,tv,dub,sp,2,p,3,p,mangaassigit,i(ng),,mangaassigit,a,,mangaassigit,nas,,mangaassigit,nas,,,?
mangaarmigit,tv,dub,sp,3,p,3,p,mangaarmigit,i(ng),,mangaarmigit,a,,mangaarmigit,nas,,mangaarmigit,nas,,,?
mangaagit,tv,dub,sp,4,p,3,p,mangaagit,i(ng),,mangaagit,a,,mangaagit,nas,,mangaagit,nas,,,?
